series,threshold,threshold_low,total,gt_fail,gt_pass,accepted_fail,predicted_pass,inconclusive,coverage,inconclusive_rate,accuracy_abstain_wrong,balanced_accuracy,macro_precision,macro_recall,macro_f1,covered_accuracy,covered_balanced_accuracy,covered_macro_precision,covered_macro_recall,covered_macro_f1,combined_precision,combined_recall,combined_f1,fail_precision,fail_recall,fail_false_positive_rate,fail_f1,not_fail_precision,not_fail_recall,not_fail_f1,pass_precision,pass_recall,pass_f1,covered_fail_precision,covered_fail_recall,covered_fail_f1,covered_pass_precision,covered_pass_recall,covered_pass_f1,fail_tp,fail_fp,fail_fn,not_fail_tp,not_fail_fp,not_fail_fn,combined_tp,combined_fp,combined_fn,pass_tp,pass_fp,pass_fn,covered_fail_tp,covered_fail_fp,covered_fail_fn,covered_pass_tp,covered_pass_fp,covered_pass_fn
VibeTest static (2.94K out/prop),0.0,,1125,504,621,443,427,255,0.7733333333333333,0.22666666666666666,0.5955555555555555,0.6001984126984128,0.77079842039321,0.6001984126984128,0.6723874912338683,0.7701149425287356,0.7718330936473485,0.77079842039321,0.7718330936473485,0.7699933906146728,0.7701149425287356,0.5955555555555555,0.6716791979949874,0.7336343115124153,0.6448412698412699,0.19001610305958133,0.6863780359028512,0.7375366568914956,0.8099838969404187,0.7720644666155028,0.8079625292740047,0.5555555555555556,0.6583969465648855,0.7336343115124153,0.7985257985257985,0.7647058823529411,0.8079625292740047,0.7451403887688985,0.7752808988764045,325,118,179,503,179,118,670,200,455,345,82,276,325,118,82,345,82,118
VibeTest static (2.94K out/prop),0.5,,1125,504,621,443,427,255,0.7733333333333333,0.22666666666666666,0.5955555555555555,0.6001984126984128,0.77079842039321,0.6001984126984128,0.6723874912338683,0.7701149425287356,0.7718330936473485,0.77079842039321,0.7718330936473485,0.7699933906146728,0.7701149425287356,0.5955555555555555,0.6716791979949874,0.7336343115124153,0.6448412698412699,0.19001610305958133,0.6863780359028512,0.7375366568914956,0.8099838969404187,0.7720644666155028,0.8079625292740047,0.5555555555555556,0.6583969465648855,0.7336343115124153,0.7985257985257985,0.7647058823529411,0.8079625292740047,0.7451403887688985,0.7752808988764045,325,118,179,503,179,118,670,200,455,345,82,276,325,118,82,345,82,118
VibeTest static (2.94K out/prop),0.65,,1125,504,621,442,427,256,0.7724444444444445,0.22755555555555557,0.5946666666666667,0.5992063492063493,0.7704971017410747,0.5992063492063493,0.6716931878701806,0.7698504027617952,0.7715849727095725,0.7704971017410747,0.7715849727095725,0.7697159211363155,0.7698504027617952,0.5946666666666667,0.6710130391173521,0.7330316742081447,0.6428571428571429,0.19001610305958133,0.6849894291754757,0.7364568081991215,0.8099838969404187,0.7714723926380369,0.8079625292740047,0.5555555555555556,0.6583969465648855,0.7330316742081447,0.7980295566502463,0.7641509433962265,0.8079625292740047,0.7451403887688985,0.7752808988764045,324,118,180,503,180,118,669,200,456,345,82,276,324,118,82,345,82,118
VibeTest static (2.94K out/prop),0.7,,1125,504,621,441,427,257,0.7715555555555556,0.22844444444444445,0.5937777777777777,0.5982142857142858,0.77019441656444,0.5982142857142858,0.6709974150813846,0.7695852534562212,0.7713356264832147,0.77019441656444,0.7713356264832147,0.7694371397455309,0.7695852534562212,0.5937777777777777,0.6703462117410938,0.7324263038548753,0.6408730158730159,0.19001610305958133,0.6835978835978836,0.7353801169590644,0.8099838969404187,0.77088122605364,0.8079625292740047,0.5555555555555556,0.6583969465648855,0.7324263038548753,0.7975308641975308,0.7635933806146571,0.8079625292740047,0.7451403887688985,0.7752808988764045,323,118,181,503,181,118,668,200,457,345,82,276,323,118,82,345,82,118
VibeTest static (2.94K out/prop),0.72,,1125,504,621,440,427,258,0.7706666666666667,0.22933333333333333,0.5937777777777777,0.5982142857142858,0.7710267191824569,0.5982142857142858,0.6713594902315954,0.7704728950403691,0.7721420554753888,0.7710267191824569,0.7721420554753888,0.7703250111487543,0.7704728950403691,0.5937777777777777,0.6706827309236948,0.7340909090909091,0.6408730158730159,0.18840579710144928,0.6843220338983051,0.7357664233576642,0.8115942028985508,0.7718223583460949,0.8079625292740047,0.5555555555555556,0.6583969465648855,0.7340909090909091,0.7975308641975308,0.7644970414201183,0.8079625292740047,0.7467532467532467,0.7761529808773903,323,117,181,504,181,117,668,199,457,345,82,276,323,117,82,345,82,117
VibeTest static (2.94K out/prop),0.75,,1125,504,621,433,427,265,0.7644444444444445,0.23555555555555555,0.5902222222222222,0.5942460317460317,0.7723415417732611,0.5942460317460317,0.6696467123432752,0.772093023255814,0.7735726044366209,0.7723415417732611,0.7735726044366209,0.771884523983522,0.772093023255814,0.5902222222222222,0.6690176322418135,0.7367205542725174,0.6329365079365079,0.18357487922705315,0.680896478121665,0.7326589595375722,0.8164251207729468,0.7722772277227722,0.8079625292740047,0.5555555555555556,0.6583969465648855,0.7367205542725174,0.7955112219451371,0.7649880095923262,0.8079625292740047,0.7516339869281046,0.7787810383747179,319,114,185,507,185,114,664,196,461,345,82,276,319,114,82,345,82,114
VibeTest static (2.94K out/prop),0.82,,1125,504,621,423,427,275,0.7555555555555555,0.24444444444444444,0.5866666666666667,0.5902777777777778,0.7763216901689172,0.5902777777777778,0.6690042985251612,0.7764705882352941,0.7775201427928002,0.7763216901689172,0.7775201427928002,0.7761917960088692,0.7764705882352941,0.5866666666666667,0.6683544303797468,0.7446808510638298,0.625,0.17391304347826086,0.6796116504854368,0.7307692307692307,0.8260869565217391,0.7755102040816326,0.8079625292740047,0.5555555555555556,0.6583969465648855,0.7446808510638298,0.7934508816120907,0.7682926829268293,0.8079625292740047,0.7615894039735099,0.7840909090909092,315,108,189,513,189,108,660,190,465,345,82,276,315,108,82,345,82,108
VibeTest static (2.94K out/prop),0.85,,1125,504,621,422,427,276,0.7546666666666667,0.24533333333333332,0.5866666666666667,0.5902777777777778,0.7772040134521683,0.5902777777777778,0.6693712594595486,0.7773851590106007,0.7783626089476383,0.7772040134521683,0.7783626089476383,0.7771068521921765,0.7773851590106007,0.5866666666666667,0.668693009118541,0.7464454976303317,0.625,0.1723027375201288,0.6803455723542117,0.7311522048364154,0.8276972624798712,0.7764350453172206,0.8079625292740047,0.5555555555555556,0.6583969465648855,0.7464454976303317,0.7934508816120907,0.7692307692307692,0.8079625292740047,0.7632743362831859,0.7849829351535836,315,107,189,514,189,107,660,189,465,345,82,276,315,107,82,345,82,107
VibeTest static (2.94K out/prop),0.88,,1125,504,621,297,427,401,0.6435555555555555,0.35644444444444445,0.5182222222222223,0.5138888888888888,0.804654665310403,0.5138888888888888,0.6263270625458635,0.8052486187845304,0.798855198019802,0.804654665310403,0.798855198019802,0.8008998940956884,0.8052486187845304,0.5182222222222223,0.6306111411573824,0.8013468013468014,0.4722222222222222,0.09500805152979067,0.5942571785268415,0.678743961352657,0.9049919484702094,0.7757073844030367,0.8079625292740047,0.5555555555555556,0.6583969465648855,0.8013468013468014,0.74375,0.7714748784440842,0.8079625292740047,0.8539603960396039,0.8303249097472926,238,59,266,562,266,59,583,141,542,345,82,276,238,59,82,345,82,59
VibeTest static (2.94K out/prop),0.9,,1125,504,621,296,427,402,0.6426666666666667,0.35733333333333334,0.5173333333333333,0.5128968253968254,0.8043191024748402,0.5128968253968254,0.6254484732824428,0.8049792531120332,0.7984535522517768,0.8043191024748402,0.7984535522517768,0.8005283085321828,0.8049792531120332,0.5173333333333333,0.6298701298701298,0.8006756756756757,0.47023809523809523,0.09500805152979067,0.5925,0.6779252110977081,0.9049919484702094,0.7751724137931034,0.8079625292740047,0.5555555555555556,0.6583969465648855,0.8006756756756757,0.7429467084639498,0.7707317073170731,0.8079625292740047,0.8539603960396039,0.8303249097472926,237,59,267,562,267,59,582,141,543,345,82,276,237,59,82,345,82,59
VibeTest static (2.94K out/prop),0.91,,1125,504,621,203,427,495,0.56,0.44,0.4577777777777778,0.44642857142857145,0.8227004764596624,0.44642857142857145,0.5696510899726832,0.8174603174603174,0.7936507936507937,0.8227004764596624,0.7936507936507937,0.8021978021978022,0.8174603174603174,0.4577777777777778,0.5868945868945868,0.8374384236453202,0.3373015873015873,0.05314009661835749,0.4809052333804809,0.6377440347071583,0.9468599033816425,0.7621516526247569,0.8079625292740047,0.5555555555555556,0.6583969465648855,0.8374384236453202,0.6746031746031746,0.7472527472527473,0.8079625292740047,0.9126984126984127,0.8571428571428571,170,33,334,588,334,33,515,115,610,345,82,276,170,33,82,345,82,33
VibeTest static (2.94K out/prop),0.92,,1125,504,621,196,427,502,0.5537777777777778,0.44622222222222224,0.4524444444444444,0.44047619047619047,0.8223486115757779,0.44047619047619047,0.563484187568157,0.8170144462279294,0.7908930150309461,0.8223486115757779,0.7908930150309461,0.8001452015938407,0.8170144462279294,0.4524444444444444,0.5823798627002288,0.8367346938775511,0.3253968253968254,0.05152979066022544,0.4685714285714286,0.6340150699677072,0.9484702093397746,0.76,0.8079625292740047,0.5555555555555556,0.6583969465648855,0.8367346938775511,0.6666666666666666,0.7420814479638008,0.8079625292740047,0.9151193633952255,0.8582089552238806,164,32,340,589,340,32,509,114,616,345,82,276,164,32,82,345,82,32
VibeTest static (2.94K out/prop),0.95,,1125,504,621,191,427,507,0.5493333333333333,0.45066666666666666,0.448,0.435515873015873,0.820211631129149,0.435515873015873,0.5579754516997089,0.8155339805825242,0.787435200369812,0.820211631129149,0.787435200369812,0.7971600331674958,0.8155339805825242,0.448,0.5783132530120482,0.8324607329842932,0.31547619047619047,0.05152979066022544,0.4575539568345323,0.6306209850107066,0.9484702093397746,0.7575562700964631,0.8079625292740047,0.5555555555555556,0.6583969465648855,0.8324607329842932,0.6597510373443983,0.736111111111111,0.8079625292740047,0.9151193633952255,0.8582089552238806,159,32,345,589,345,32,504,114,621,345,82,276,159,32,82,345,82,32
VibeTest static (2.94K out/prop),1.0,,1125,504,621,9,427,689,0.38755555555555554,0.6124444444444445,0.31466666666666665,0.28670634920634924,0.9039812646370023,0.28670634920634924,0.34674233293156553,0.8119266055045872,0.5494505494505495,0.9039812646370023,0.5494505494505495,0.5368911917098446,0.8119266055045872,0.31466666666666665,0.45355541319666887,1.0,0.017857142857142856,0.0,0.03508771929824561,0.5564516129032258,1.0,0.7150259067357513,0.8079625292740047,0.5555555555555556,0.6583969465648855,1.0,0.0989010989010989,0.17999999999999997,0.8079625292740047,1.0,0.8937823834196891,9,0,495,621,495,0,354,82,771,345,82,276,9,0,82,345,82,0
VibeTest static + ex10 (4.29K out/prop),0.0,,1125,504,621,542,474,109,0.9031111111111111,0.09688888888888889,0.7111111111111111,0.7185127674258109,0.7912093044981083,0.7185127674258109,0.7476204196023992,0.7874015748031497,0.7915361234510171,0.7912093044981083,0.7915361234510171,0.7873982794698908,0.7874015748031497,0.7111111111111111,0.7473143390938813,0.7343173431734318,0.7896825396825397,0.2318840579710145,0.7609942638623327,0.8181818181818182,0.7681159420289855,0.792358803986711,0.8481012658227848,0.6473429951690821,0.7342465753424658,0.7343173431734318,0.8468085106382979,0.7865612648221345,0.8481012658227848,0.7362637362637363,0.788235294117647,398,144,106,477,106,144,800,216,325,402,72,219,398,144,72,402,72,144
VibeTest static + ex10 (4.29K out/prop),0.62,,1125,504,621,542,474,109,0.9031111111111111,0.09688888888888889,0.7111111111111111,0.7185127674258109,0.7912093044981083,0.7185127674258109,0.7476204196023992,0.7874015748031497,0.7915361234510171,0.7912093044981083,0.7915361234510171,0.7873982794698908,0.7874015748031497,0.7111111111111111,0.7473143390938813,0.7343173431734318,0.7896825396825397,0.2318840579710145,0.7609942638623327,0.8181818181818182,0.7681159420289855,0.792358803986711,0.8481012658227848,0.6473429951690821,0.7342465753424658,0.7343173431734318,0.8468085106382979,0.7865612648221345,0.8481012658227848,0.7362637362637363,0.788235294117647,398,144,106,477,106,144,800,216,325,402,72,219,398,144,72,402,72,144
VibeTest static + ex10 (4.29K out/prop),0.72,,1125,504,621,541,474,110,0.9022222222222223,0.09777777777777778,0.7102222222222222,0.7175207039337475,0.7909637567561243,0.7175207039337475,0.7470275938913286,0.787192118226601,0.7913728062981795,0.7909637567561243,0.7913728062981795,0.7871869539895167,0.787192118226601,0.7102222222222222,0.7467289719626168,0.7338262476894639,0.7876984126984127,0.2318840579710145,0.7598086124401913,0.8167808219178082,0.7681159420289855,0.791701244813278,0.8481012658227848,0.6473429951690821,0.7342465753424658,0.7338262476894639,0.8464818763326226,0.7861386138613863,0.8481012658227848,0.7362637362637363,0.788235294117647,397,144,107,477,107,144,799,216,326,402,72,219,397,144,72,402,72,144
VibeTest static + ex10 (4.29K out/prop),0.75,,1125,504,621,540,474,111,0.9013333333333333,0.09866666666666667,0.7102222222222222,0.7175207039337475,0.7916432255039849,0.7175207039337475,0.7473914869049494,0.7879684418145957,0.7920482776158526,0.7916432255039849,0.7920482776158526,0.7879632862626937,0.7879684418145957,0.7102222222222222,0.7470780738662925,0.7351851851851852,0.7876984126984127,0.23027375201288244,0.7605363984674328,0.8170940170940171,0.7697262479871175,0.7927031509121061,0.8481012658227848,0.6473429951690821,0.7342465753424658,0.7351851851851852,0.8464818763326226,0.7869177403369674,0.8481012658227848,0.7376146788990826,0.7890088321884201,397,143,107,478,107,143,799,215,326,402,72,219,397,143,72,402,72,143
VibeTest static + ex10 (4.29K out/prop),0.76,,1125,504,621,539,474,112,0.9004444444444445,0.09955555555555555,0.7102222222222222,0.7175207039337475,0.7923252154716892,0.7175207039337475,0.7477560776999961,0.788746298124383,0.7927262322839583,0.7923252154716892,0.7927262322839583,0.7887411513393832,0.788746298124383,0.7102222222222222,0.7474275023386343,0.7365491651205937,0.7876984126984127,0.2286634460547504,0.7612655800575263,0.8174061433447098,0.7713365539452496,0.7937033968516984,0.8481012658227848,0.6473429951690821,0.7342465753424658,0.7365491651205937,0.8464818763326226,0.7876984126984127,0.8481012658227848,0.7389705882352942,0.7897838899803536,397,142,107,479,107,142,799,214,326,402,72,219,397,142,72,402,72,142
VibeTest static + ex10 (4.29K out/prop),0.78,,1125,504,621,525,474,126,0.888,0.112,0.7066666666666667,0.7135524499654935,0.7983363471971067,0.7135524499654935,0.7490474859219618,0.7957957957957958,0.7989851395433127,0.7983363471971067,0.7989851395433127,0.7957792207792207,0.7957957957957958,0.7066666666666667,0.7485875706214689,0.7485714285714286,0.7797619047619048,0.21256038647342995,0.7638483965014577,0.815,0.7874396135265701,0.8009828009828011,0.8481012658227848,0.6473429951690821,0.7342465753424658,0.7485714285714286,0.8451612903225807,0.7939393939393938,0.8481012658227848,0.7528089887640449,0.7976190476190476,393,132,111,489,111,132,795,204,330,402,72,219,393,132,72,402,72,132
VibeTest static + ex10 (4.29K out/prop),0.79,,1125,504,621,513,474,138,0.8773333333333333,0.12266666666666666,0.6986666666666667,0.704623878536922,0.7983196387593456,0.704623878536922,0.7447044086151857,0.7963525835866262,0.799583705025275,0.7983196387593456,0.799583705025275,0.7962848297213623,0.7963525835866262,0.6986666666666667,0.7443181818181819,0.7485380116959064,0.7619047619047619,0.20772946859903382,0.7551622418879056,0.803921568627451,0.7922705314009661,0.7980535279805353,0.8481012658227848,0.6473429951690821,0.7342465753424658,0.7485380116959064,0.8421052631578947,0.7925696594427245,0.8481012658227848,0.7570621468926554,0.8,384,129,120,492,120,129,786,201,339,402,72,219,384,129,72,402,72,129
VibeTest static + ex10 (4.29K out/prop),0.81,,1125,504,621,512,474,139,0.8764444444444445,0.12355555555555556,0.6986666666666667,0.704623878536922,0.7990506329113924,0.704623878536922,0.7450760435767447,0.7971602434077079,0.8002979145978153,0.7990506329113924,0.8002979145978153,0.797092621250535,0.7971602434077079,0.6986666666666667,0.7446707721459024,0.75,0.7619047619047619,0.20611916264090177,0.7559055118110236,0.8042414355628059,0.7938808373590982,0.7990275526742301,0.8481012658227848,0.6473429951690821,0.7342465753424658,0.75,0.8421052631578947,0.7933884297520661,0.8481012658227848,0.7584905660377359,0.8007968127490039,384,128,120,493,120,128,786,200,339,402,72,219,384,128,72,402,72,128
VibeTest static + ex10 (4.29K out/prop),0.82,,1125,504,621,492,474,159,0.8586666666666667,0.14133333333333334,0.6826666666666666,0.6867667356797791,0.7960018524235875,0.6867667356797791,0.7345931671893053,0.7950310559006211,0.7984900373599004,0.7960018524235875,0.7984900373599004,0.7947459918871933,0.7950310559006211,0.6826666666666666,0.734576757532281,0.7439024390243902,0.7261904761904762,0.2028985507246377,0.7349397590361447,0.7819905213270142,0.7971014492753623,0.7894736842105263,0.8481012658227848,0.6473429951690821,0.7342465753424658,0.7439024390243902,0.8356164383561644,0.7870967741935484,0.8481012658227848,0.7613636363636364,0.8023952095808383,366,126,138,495,138,126,768,198,357,402,72,219,366,126,72,402,72,126
VibeTest static + ex10 (4.29K out/prop),0.85,,1125,504,621,465,474,186,0.8346666666666667,0.16533333333333333,0.6648888888888889,0.6669254658385093,0.7960936436640806,0.6669254658385093,0.7241924311180854,0.7965921192758253,0.7996721431916907,0.7960936436640806,0.7996721431916907,0.7958660801174615,0.7965921192758253,0.6648888888888889,0.7248062015503876,0.7440860215053764,0.6865079365079365,0.19162640901771336,0.7141382868937048,0.7606060606060606,0.8083735909822867,0.7837626854020296,0.8481012658227848,0.6473429951690821,0.7342465753424658,0.7440860215053764,0.8277511961722488,0.7836919592298981,0.8481012658227848,0.7715930902111324,0.808040201005025,346,119,158,502,158,119,748,191,377,402,72,219,346,119,72,402,72,119
VibeTest static + ex10 (4.29K out/prop),0.87,,1125,504,621,356,474,295,0.7377777777777778,0.26222222222222225,0.6,0.5945048309178744,0.8074775992035272,0.5945048309178744,0.6845651481363492,0.8132530120481928,0.8100851636037651,0.8074775992035272,0.8100851636037651,0.8086303046891153,0.8132530120481928,0.6,0.690537084398977,0.7668539325842697,0.5416666666666666,0.13365539452495975,0.6348837209302325,0.6996098829648895,0.8663446054750402,0.7741007194244605,0.8481012658227848,0.6473429951690821,0.7342465753424658,0.7668539325842697,0.7913043478260869,0.7788873038516405,0.8481012658227848,0.8288659793814434,0.8383733055265902,273,83,231,538,231,83,675,155,450,402,72,219,273,83,72,402,72,83
VibeTest static + ex10 (4.29K out/prop),0.88,,1125,504,621,324,474,327,0.7093333333333334,0.2906666666666667,0.5751111111111111,0.5667270531400966,0.8021370526644789,0.5667270531400966,0.6630170074779962,0.8107769423558897,0.8043147491097018,0.8021370526644789,0.8043147491097018,0.8031576969885077,0.8107769423558897,0.5751111111111111,0.6729069162766511,0.7561728395061729,0.4861111111111111,0.12721417069243157,0.5917874396135265,0.6766541822721598,0.8727858293075684,0.7623066104078763,0.8481012658227848,0.6473429951690821,0.7342465753424658,0.7561728395061729,0.7728706624605678,0.7644305772230888,0.8481012658227848,0.8357588357588358,0.8418848167539267,245,79,259,542,259,79,647,151,478,402,72,219,245,79,72,402,72,79
VibeTest static + ex10 (4.29K out/prop),0.89,,1125,504,621,289,474,362,0.6782222222222222,0.3217777777777778,0.5555555555555556,0.5449016563146998,0.8098637817003198,0.5449016563146998,0.6483338803572354,0.8191349934469201,0.8074532811820947,0.8098637817003198,0.8074532811820947,0.8086009074251811,0.8191349934469201,0.5555555555555556,0.6620762711864407,0.7716262975778547,0.44246031746031744,0.10628019323671498,0.562421185372005,0.6638755980861244,0.893719806763285,0.7618393960192175,0.8481012658227848,0.6473429951690821,0.7342465753424658,0.7716262975778547,0.7559322033898305,0.7636986301369865,0.8481012658227848,0.8589743589743589,0.8535031847133757,223,66,281,555,281,66,625,138,500,402,72,219,223,66,72,402,72,66
VibeTest static + ex10 (4.29K out/prop),0.9,,1125,504,621,272,474,379,0.6631111111111111,0.3368888888888889,0.5448888888888889,0.5329968944099379,0.8119182799702159,0.5329968944099379,0.6390305041660783,0.82171581769437,0.8069167894130307,0.8119182799702159,0.8069167894130307,0.8092089955483764,0.82171581769437,0.5448888888888889,0.655264564404062,0.7757352941176471,0.41865079365079366,0.09822866344605476,0.5438144329896908,0.6565064478311841,0.9017713365539453,0.7598371777476256,0.8481012658227848,0.6473429951690821,0.7342465753424658,0.7757352941176471,0.7455830388692579,0.7603603603603603,0.8481012658227848,0.8682505399568035,0.8580576307363926,211,61,293,560,293,61,613,133,512,402,72,219,211,61,72,402,72,61
VibeTest static + ex10 (4.29K out/prop),0.91,,1125,504,621,249,474,402,0.6426666666666667,0.35733333333333334,0.5324444444444445,0.519108005521049,0.8196329622286614,0.519108005521049,0.6287434735942077,0.8284923928077456,0.8089022812505118,0.8196329622286614,0.8089022812505118,0.813498535481294,0.8284923928077456,0.5324444444444445,0.6482683982683983,0.7911646586345381,0.39087301587301587,0.08373590982286634,0.5232403718459495,0.6495433789954338,0.9162640901771336,0.760187040748163,0.8481012658227848,0.6473429951690821,0.7342465753424658,0.7911646586345381,0.7323420074349443,0.7606177606177605,0.8481012658227848,0.8854625550660793,0.8663793103448275,197,52,307,569,307,52,599,124,526,402,72,219,197,52,72,402,72,52
VibeTest static + ex10 (4.29K out/prop),0.92,,1125,504,621,159,474,492,0.5626666666666666,0.43733333333333335,0.4666666666666667,0.4456953071083506,0.8108430857415811,0.4456953071083506,0.5526436496621832,0.8293838862559242,0.7742887249736565,0.8108430857415811,0.7742887249736565,0.7882471008028546,0.8293838862559242,0.4666666666666667,0.5972696245733788,0.7735849056603774,0.24404761904761904,0.057971014492753624,0.3710407239819004,0.6055900621118012,0.9420289855072463,0.7372400756143668,0.8481012658227848,0.6473429951690821,0.7342465753424658,0.7735849056603774,0.6307692307692307,0.6949152542372882,0.8481012658227848,0.9178082191780822,0.881578947368421,123,36,381,585,381,36,525,108,600,402,72,219,123,36,72,402,72,36
VibeTest static + ex10 (4.29K out/prop),0.93,,1125,504,621,105,474,546,0.5146666666666667,0.48533333333333334,0.43022222222222223,0.4050207039337474,0.8145268233875829,0.4050207039337474,0.5017702499044021,0.8359240069084629,0.7391749427043545,0.8145268233875829,0.7391749427043545,0.7637658316190018,0.8359240069084629,0.43022222222222223,0.5680751173708921,0.780952380952381,0.1626984126984127,0.037037037037037035,0.26929392446633826,0.5862745098039216,0.9629629629629629,0.728823887873248,0.8481012658227848,0.6473429951690821,0.7342465753424658,0.780952380952381,0.5324675324675324,0.6332046332046332,0.8481012658227848,0.9458823529411765,0.8943270300333704,82,23,422,598,422,23,484,95,641,402,72,219,82,23,72,402,72,23
VibeTest static + ex10 (4.29K out/prop),0.94,,1125,504,621,46,474,605,0.4622222222222222,0.5377777777777778,0.3937777777777778,0.36434610075914425,0.8697028068244359,0.36434610075914425,0.44166874221668745,0.8519230769230769,0.6752734230610337,0.8697028068244359,0.6752734230610337,0.7141612946979918,0.8519230769230769,0.3937777777777778,0.5386018237082066,0.8913043478260869,0.08134920634920635,0.008051529790660225,0.14909090909090908,0.5708989805375347,0.9919484702093397,0.7247058823529412,0.8481012658227848,0.6473429951690821,0.7342465753424658,0.8913043478260869,0.36283185840707965,0.5157232704402516,0.8481012658227848,0.9877149877149877,0.9125993189557321,41,5,463,616,463,5,443,77,682,402,72,219,41,5,72,402,72,5
VibeTest static + ex10 (4.29K out/prop),0.95,,1125,504,621,37,474,614,0.45422222222222225,0.5457777777777778,0.38666666666666666,0.3564095928226363,0.8699965788573383,0.3564095928226363,0.42812143924239743,0.8512720156555773,0.6522167487684729,0.8699965788573383,0.6522167487684729,0.6892125480153649,0.8512720156555773,0.38666666666666666,0.5317848410757946,0.8918918918918919,0.06547619047619048,0.00644122383252818,0.12199630314232902,0.5670955882352942,0.9935587761674718,0.722059684025746,0.8481012658227848,0.6473429951690821,0.7342465753424658,0.8918918918918919,0.3142857142857143,0.4647887323943662,0.8481012658227848,0.9901477832512315,0.9136363636363636,33,4,471,617,471,4,435,76,690,402,72,219,33,4,72,402,72,4
VibeTest static + ex10 (4.29K out/prop),1.0,,1125,504,621,0,474,651,0.42133333333333334,0.5786666666666667,0.35733333333333334,0.32367149758454106,,0.32367149758454106,,0.8481012658227848,0.5,,0.5,,0.8481012658227848,0.35733333333333334,0.5028142589118199,,0.0,0.0,,0.552,1.0,0.711340206185567,0.8481012658227848,0.6473429951690821,0.7342465753424658,,0.0,,0.8481012658227848,1.0,0.9178082191780821,0,0,504,621,504,0,402,72,723,402,72,219,0,0,72,402,72,0
VibeTest static + ex20 (3.97K out/prop),0.0,,1125,504,621,518,380,227,0.7982222222222223,0.20177777777777778,0.6204444444444445,0.6311536691971474,0.7887218045112783,0.6311536691971474,0.6897075527212514,0.77728285077951,0.7829264407184675,0.7887218045112783,0.7829264407184675,0.7767945913700536,0.77728285077951,0.6204444444444445,0.6900642609985171,0.7142857142857143,0.7341269841269841,0.23832528180354268,0.7240704500978474,0.7792421746293245,0.7616747181964574,0.7703583061889251,0.8631578947368421,0.5281803542673108,0.6553446553446554,0.7142857142857143,0.8767772511848341,0.7872340425531914,0.8631578947368421,0.6890756302521008,0.7663551401869159,370,148,134,473,134,148,698,200,427,328,52,293,370,148,52,328,52,148
VibeTest static + ex20 (3.97K out/prop),0.7,,1125,504,621,518,380,227,0.7982222222222223,0.20177777777777778,0.6204444444444445,0.6311536691971474,0.7887218045112783,0.6311536691971474,0.6897075527212514,0.77728285077951,0.7829264407184675,0.7887218045112783,0.7829264407184675,0.7767945913700536,0.77728285077951,0.6204444444444445,0.6900642609985171,0.7142857142857143,0.7341269841269841,0.23832528180354268,0.7240704500978474,0.7792421746293245,0.7616747181964574,0.7703583061889251,0.8631578947368421,0.5281803542673108,0.6553446553446554,0.7142857142857143,0.8767772511848341,0.7872340425531914,0.8631578947368421,0.6890756302521008,0.7663551401869159,370,148,134,473,134,148,698,200,427,328,52,293,370,148,52,328,52,148
VibeTest static + ex20 (3.97K out/prop),0.71,,1125,504,621,517,380,228,0.7973333333333333,0.20266666666666666,0.6204444444444445,0.6311536691971474,0.7894126030744172,0.6311536691971474,0.690062141580261,0.778149386845039,0.7836517834871539,0.7894126030744172,0.7836517834871539,0.7776619397268464,0.778149386845039,0.6204444444444445,0.6904055390702275,0.7156673114119922,0.7341269841269841,0.23671497584541062,0.7247796278158668,0.7796052631578947,0.7632850241545893,0.7713588283157038,0.8631578947368421,0.5281803542673108,0.6553446553446554,0.7156673114119922,0.8767772511848341,0.7880724174653887,0.8631578947368421,0.6905263157894737,0.7672514619883041,370,147,134,474,134,147,698,199,427,328,52,293,370,147,52,328,52,147
VibeTest static + ex20 (3.97K out/prop),0.72,,1125,504,621,510,380,235,0.7911111111111111,0.2088888888888889,0.6204444444444445,0.6311536691971474,0.7943240454076368,0.6311536691971474,0.6925638464100002,0.7842696629213484,0.7888159760197675,0.7943240454076368,0.7888159760197675,0.7837881609846951,0.7842696629213484,0.6204444444444445,0.6928039702233251,0.7254901960784313,0.7341269841269841,0.22544283413848631,0.7297830374753451,0.7821138211382114,0.7745571658615137,0.7783171521035598,0.8631578947368421,0.5281803542673108,0.6553446553446554,0.7254901960784313,0.8767772511848341,0.7939914163090128,0.8631578947368421,0.7008547008547008,0.7735849056603774,370,140,134,481,134,140,698,192,427,328,52,293,370,140,52,328,52,140
VibeTest static + ex20 (3.97K out/prop),0.73,,1125,504,621,508,380,237,0.7893333333333333,0.21066666666666667,0.6195555555555555,0.630161605705084,0.7947679237463738,0.630161605705084,0.6922968336011814,0.7849099099099099,0.7894200104777551,0.7947679237463738,0.7894200104777551,0.7844504062333596,0.7849099099099099,0.6195555555555555,0.6924987580725286,0.7263779527559056,0.7321428571428571,0.22383252818035426,0.7292490118577074,0.7811993517017828,0.7761674718196457,0.778675282714055,0.8631578947368421,0.5281803542673108,0.6553446553446554,0.7263779527559056,0.8764845605700713,0.7944025834230356,0.8631578947368421,0.702355460385439,0.7744982290436836,369,139,135,482,135,139,697,191,428,328,52,293,369,139,52,328,52,139
VibeTest static + ex20 (3.97K out/prop),0.74,,1125,504,621,497,380,248,0.7795555555555556,0.22044444444444444,0.6124444444444445,0.622225097768576,0.7947580218151011,0.622225097768576,0.6883116883116883,0.7856328392246295,0.790494280704684,0.7947580218151011,0.790494280704684,0.7853288891203584,0.7856328392246295,0.6124444444444445,0.6883116883116883,0.7263581488933601,0.7162698412698413,0.21900161030595813,0.7212787212787213,0.7722929936305732,0.7809983896940419,0.77662129703763,0.8631578947368421,0.5281803542673108,0.6553446553446554,0.7263581488933601,0.87409200968523,0.7934065934065935,0.8631578947368421,0.7068965517241379,0.7772511848341233,361,136,143,485,143,136,689,188,436,328,52,293,361,136,52,328,52,136
VibeTest static + ex20 (3.97K out/prop),0.75,,1125,504,621,496,380,249,0.7786666666666666,0.22133333333333333,0.6124444444444445,0.622225097768576,0.7954902376910017,0.622225097768576,0.6886723276723277,0.7865296803652968,0.7912576679095696,0.7954902376910017,0.7912576679095696,0.7862263094636865,0.7865296803652968,0.6124444444444445,0.6886556721639181,0.7278225806451613,0.7162698412698413,0.21739130434782608,0.7220000000000001,0.7726550079491256,0.782608695652174,0.7776000000000001,0.8631578947368421,0.5281803542673108,0.6553446553446554,0.7278225806451613,0.87409200968523,0.7942794279427943,0.8631578947368421,0.7084233261339092,0.7781731909845788,361,135,143,486,143,135,689,187,436,328,52,293,361,135,52,328,52,135
VibeTest static + ex20 (3.97K out/prop),0.76,,1125,504,621,494,380,251,0.7768888888888889,0.22311111111111112,0.6124444444444445,0.622225097768576,0.7969635627530365,0.622225097768576,0.6893957745661152,0.7883295194508009,0.7927943779445673,0.7969635627530365,0.7927943779445673,0.7880273261080748,0.7883295194508009,0.6124444444444445,0.689344672336168,0.7307692307692307,0.7162698412698413,0.214170692431562,0.7234468937875752,0.7733755942947702,0.785829307568438,0.779552715654952,0.8631578947368421,0.5281803542673108,0.6553446553446554,0.7307692307692307,0.87409200968523,0.7960308710033076,0.8631578947368421,0.7114967462039046,0.7800237812128419,361,133,143,488,143,133,689,185,436,328,52,293,361,133,52,328,52,133
VibeTest static + ex20 (3.97K out/prop),0.78,,1125,504,621,479,380,266,0.7635555555555555,0.23644444444444446,0.608,0.6172647803082586,0.8031864630260411,0.6172647803082586,0.6898289909480144,0.7962747380675204,0.7999108734402852,0.8031864630260411,0.7999108734402852,0.7960580493476436,0.7962747380675204,0.608,0.689516129032258,0.7432150313152401,0.7063492063492064,0.19806763285024154,0.7243133265513734,0.7708978328173375,0.8019323671497585,0.7861089187056038,0.8631578947368421,0.5281803542673108,0.6553446553446554,0.7432150313152401,0.8725490196078431,0.8027057497181511,0.8631578947368421,0.7272727272727273,0.789410348977136,356,123,148,498,148,123,684,175,441,328,52,293,356,123,52,328,52,123
VibeTest static + ex20 (3.97K out/prop),0.81,,1125,504,621,472,380,273,0.7573333333333333,0.24266666666666667,0.6017777777777777,0.6103203358638141,0.8012823371989295,0.6103203358638141,0.6852542948854424,0.7946009389671361,0.7987984583994558,0.8012823371989295,0.7987984583994558,0.7944760794141121,0.7946009389671361,0.6017777777777777,0.6848760748609003,0.739406779661017,0.6924603174603174,0.19806763285024154,0.7151639344262295,0.7626339969372129,0.8019323671497585,0.7817896389324961,0.8631578947368421,0.5281803542673108,0.6553446553446554,0.739406779661017,0.8703241895261845,0.7995418098510882,0.8631578947368421,0.7272727272727273,0.789410348977136,349,123,155,498,155,123,677,175,448,328,52,293,349,123,52,328,52,123
VibeTest static + ex20 (3.97K out/prop),0.82,,1125,504,621,458,380,287,0.7448888888888889,0.2551111111111111,0.5902222222222222,0.5974235104669887,0.7983911744426568,0.5974235104669887,0.676944676944677,0.7923627684964201,0.797434135166094,0.7983911744426568,0.797434135166094,0.7923438434589423,0.7923627684964201,0.5902222222222222,0.6765155374426898,0.7336244541484717,0.6666666666666666,0.1964573268921095,0.6985446985446986,0.7481259370314842,0.8035426731078905,0.7748447204968943,0.8631578947368421,0.5281803542673108,0.6553446553446554,0.7336244541484717,0.865979381443299,0.7943262411347519,0.8631578947368421,0.7288888888888889,0.7903614457831325,336,122,168,499,168,122,664,174,461,328,52,293,336,122,52,328,52,122
VibeTest static + ex20 (3.97K out/prop),0.83,,1125,504,621,442,380,303,0.7306666666666667,0.2693333333333333,0.5822222222222222,0.5884949390384173,0.8014884496308645,0.5884949390384173,0.6733382896173594,0.7968369829683698,0.8016015771574239,0.8014884496308645,0.8016015771574239,0.796836682290364,0.7968369829683698,0.5822222222222222,0.6728299948638932,0.7398190045248869,0.6488095238095238,0.18518518518518517,0.6913319238900635,0.7408491947291361,0.8148148148148148,0.7760736196319018,0.8631578947368421,0.5281803542673108,0.6553446553446554,0.7398190045248869,0.862796833773087,0.7965895249695494,0.8631578947368421,0.7404063205417607,0.7970838396111786,327,115,177,506,177,115,655,167,470,328,52,293,327,115,52,328,52,115
VibeTest static + ex20 (3.97K out/prop),0.85,,1125,504,621,441,380,304,0.7297777777777777,0.2702222222222222,0.5813333333333334,0.5875028755463538,0.8011934598400764,0.5875028755463538,0.6726458726458726,0.7965895249695494,0.8014200914878116,0.8011934598400764,0.8014200914878116,0.7965883178519872,0.7965895249695494,0.5813333333333334,0.6721479958890031,0.7392290249433107,0.6468253968253969,0.18518518518518517,0.6899470899470899,0.7397660818713451,0.8148148148148148,0.7754789272030651,0.8631578947368421,0.5281803542673108,0.6553446553446554,0.7392290249433107,0.8624338624338624,0.796092796092796,0.8631578947368421,0.7404063205417607,0.7970838396111786,326,115,178,506,178,115,654,167,471,328,52,293,326,115,52,328,52,115
VibeTest static + ex20 (3.97K out/prop),0.87,,1125,504,621,336,380,409,0.6364444444444445,0.3635555555555556,0.5235555555555556,0.5230187485622269,0.8199718045112783,0.5230187485622269,0.6383866133866134,0.8226256983240223,0.8238807981671014,0.8199718045112783,0.8238807981671014,0.82105882515,0.8226256983240223,0.5235555555555556,0.6398696360673547,0.7767857142857143,0.5178571428571429,0.12077294685990338,0.6214285714285714,0.6920152091254753,0.8792270531400966,0.7744680851063831,0.8631578947368421,0.5281803542673108,0.6553446553446554,0.7767857142857143,0.8338658146964856,0.8043143297380586,0.8631578947368421,0.8138957816377171,0.8378033205619413,261,75,243,546,243,75,589,127,536,328,52,293,261,75,52,328,52,75
VibeTest static + ex20 (3.97K out/prop),0.88,,1125,504,621,298,380,447,0.6026666666666667,0.3973333333333333,0.5004444444444445,0.49722509776857604,0.8258742493818438,0.49722509776857604,0.6206897840314299,0.8303834808259587,0.8288450056586791,0.8258742493818438,0.8288450056586791,0.8271309321892979,0.8303834808259587,0.5004444444444445,0.6245146977260122,0.7885906040268457,0.4662698412698413,0.10144927536231885,0.5860349127182045,0.6747279322853688,0.8985507246376812,0.7707182320441989,0.8631578947368421,0.5281803542673108,0.6553446553446554,0.7885906040268457,0.818815331010453,0.8034188034188035,0.8631578947368421,0.8388746803069054,0.8508430609597925,235,63,269,558,269,63,563,115,562,328,52,293,235,63,52,328,52,63
VibeTest static + ex20 (3.97K out/prop),0.89,,1125,504,621,265,380,480,0.5733333333333334,0.4266666666666667,0.48,0.4744076374511157,0.8315789473684211,0.4744076374511157,0.6033550324837711,0.8372093023255814,0.8319613457408732,0.8315789473684211,0.8319613457408732,0.8317679702113179,0.8372093023255814,0.48,0.6101694915254237,0.8,0.42063492063492064,0.0853462157809984,0.5513654096228868,0.6604651162790698,0.9146537842190016,0.7670492910195813,0.8631578947368421,0.5281803542673108,0.6553446553446554,0.8,0.803030303030303,0.8015122873345936,0.8631578947368421,0.8608923884514436,0.8620236530880421,212,53,292,568,292,53,540,105,585,328,52,293,212,53,52,328,52,53
VibeTest static + ex20 (3.97K out/prop),0.9,,1125,504,621,252,380,493,0.5617777777777778,0.43822222222222224,0.4737777777777778,0.4674631930066713,0.8383249791144528,0.4674631930066713,0.5988363488363488,0.8433544303797469,0.8361660181582361,0.8383249791144528,0.8361660181582361,0.8371875772518509,0.8433544303797469,0.4737777777777778,0.6067159931701764,0.8134920634920635,0.40674603174603174,0.07568438003220612,0.5423280423280422,0.6575028636884307,0.9243156199677939,0.7684069611780455,0.8631578947368421,0.5281803542673108,0.6553446553446554,0.8134920634920635,0.7976653696498055,0.8055009823182712,0.8631578947368421,0.8746666666666667,0.8688741721854305,205,47,299,574,299,47,533,99,592,328,52,293,205,47,52,328,52,47
VibeTest static + ex20 (3.97K out/prop),0.91,,1125,504,621,226,380,519,0.5386666666666666,0.4613333333333333,0.45422222222222225,0.4456377961812744,0.8364462040055892,0.4456377961812744,0.578357259179177,0.8432343234323433,0.8314102196478752,0.8364462040055892,0.8314102196478752,0.8337141223126938,0.8432343234323433,0.45422222222222225,0.5904101675332178,0.8097345132743363,0.3630952380952381,0.06924315619967794,0.5013698630136986,0.64293659621802,0.9307568438003221,0.7605263157894736,0.8631578947368421,0.5281803542673108,0.6553446553446554,0.8097345132743363,0.7787234042553192,0.7939262472885034,0.8631578947368421,0.8840970350404312,0.8735019973368843,183,43,321,578,321,43,511,95,614,328,52,293,183,43,52,328,52,43
VibeTest static + ex20 (3.97K out/prop),0.92,,1125,504,621,140,380,605,0.4622222222222222,0.5377777777777778,0.3884444444444444,0.37222509776857604,0.8208646616541353,0.37222509776857604,0.4969269860574208,0.8403846153846154,0.7953338293050052,0.8208646616541353,0.7953338293050052,0.8059692769703154,0.8403846153846154,0.3884444444444444,0.5313069908814589,0.7785714285714286,0.21626984126984128,0.0499194847020934,0.3385093167701863,0.5989847715736041,0.9500805152979066,0.734744707347447,0.8631578947368421,0.5281803542673108,0.6553446553446554,0.7785714285714286,0.6770186335403726,0.7242524916943521,0.8631578947368421,0.9136490250696379,0.8876860622462787,109,31,395,590,395,31,437,83,688,328,52,293,109,31,52,328,52,31
VibeTest static + ex20 (3.97K out/prop),0.93,,1125,504,621,91,380,654,0.4186666666666667,0.5813333333333334,0.3511111111111111,0.33055843110190936,0.7997108155002892,0.33055843110190936,0.4402773696891344,0.8386411889596603,0.7474216959511077,0.7997108155002892,0.7474216959511077,0.7671350507416081,0.8386411889596603,0.3511111111111111,0.49498746867167914,0.7362637362637363,0.13293650793650794,0.03864734299516908,0.22521008403361345,0.5773694390715667,0.961352657004831,0.7214501510574017,0.8631578947368421,0.5281803542673108,0.6553446553446554,0.7362637362637363,0.5630252100840336,0.638095238095238,0.8631578947368421,0.9318181818181818,0.8961748633879781,67,24,437,597,437,24,395,76,730,328,52,293,67,24,52,328,52,24
VibeTest static + ex20 (3.97K out/prop),0.94,,1125,504,621,43,380,702,0.376,0.624,0.32,0.29583620887968715,0.803671970624235,0.29583620887968715,0.3861732417491101,0.851063829787234,0.6742520016856299,0.803671970624235,0.6742520016856299,0.7081576555364515,0.851063829787234,0.32,0.4651162790697675,0.7441860465116279,0.06349206349206349,0.017713365539452495,0.1170018281535649,0.5637707948243993,0.9822866344605475,0.7163828537874338,0.8631578947368421,0.5281803542673108,0.6553446553446554,0.7441860465116279,0.38095238095238093,0.5039370078740157,0.8631578947368421,0.967551622418879,0.9123783031988874,32,11,472,610,472,11,360,63,765,328,52,293,32,11,52,328,52,11
VibeTest static + ex20 (3.97K out/prop),0.95,,1125,504,621,32,380,713,0.3662222222222222,0.6337777777777778,0.3128888888888889,0.2878997009431792,0.8065789473684211,0.2878997009431792,0.37244844707531277,0.8543689320388349,0.6459899749373433,0.8065789473684211,0.6459899749373433,0.68032278088144,0.8543689320388349,0.3128888888888889,0.45803513337670787,0.75,0.047619047619047616,0.01288244766505636,0.08955223880597014,0.5608417200365965,0.9871175523349437,0.7152858809801634,0.8631578947368421,0.5281803542673108,0.6553446553446554,0.75,0.3157894736842105,0.44444444444444436,0.8631578947368421,0.9761904761904762,0.9162011173184357,24,8,480,613,480,8,352,60,773,328,52,293,24,8,52,328,52,8
VibeTest static + ex20 (3.97K out/prop),1.0,,1125,504,621,0,380,745,0.3377777777777778,0.6622222222222223,0.29155555555555557,0.2640901771336554,,0.2640901771336554,,0.8631578947368421,0.5,,0.5,,0.8631578947368421,0.29155555555555557,0.43588039867109635,,0.0,0.0,,0.552,1.0,0.711340206185567,0.8631578947368421,0.5281803542673108,0.6553446553446554,,0.0,,0.8631578947368421,1.0,0.9265536723163842,0,0,504,621,504,0,328,52,797,328,52,293,0,0,52,328,52,0
TrainCheck (0.00K out/prop),0.0,,1125,534,591,0,1125,0,1.0,0.0,0.5253333333333333,0.5,,0.5,,0.5253333333333333,0.5,,0.5,,0.5253333333333333,0.5253333333333333,0.5253333333333333,,0.0,0.0,,0.5253333333333333,1.0,0.6888111888111889,0.5253333333333333,1.0,0.6888111888111889,,0.0,,0.5253333333333333,1.0,0.6888111888111889,0,0,534,591,534,0,591,534,534,591,534,0,0,0,534,591,534,0
TrainCheck (0.00K out/prop),1.0,,1125,534,591,0,1125,0,1.0,0.0,0.5253333333333333,0.5,,0.5,,0.5253333333333333,0.5,,0.5,,0.5253333333333333,0.5253333333333333,0.5253333333333333,,0.0,0.0,,0.5253333333333333,1.0,0.6888111888111889,0.5253333333333333,1.0,0.6888111888111889,,0.0,,0.5253333333333333,1.0,0.6888111888111889,0,0,534,591,534,0,591,534,534,591,534,0,0,0,534,591,534,0
Reviewer mode 0 (0.75K out/prop),0.0,,1125,534,591,284,841,0,1.0,0.0,0.6924444444444444,0.680364645715698,0.7383229220746597,0.680364645715698,0.6676985015912908,0.6924444444444444,0.680364645715698,0.7383229220746597,0.680364645715698,0.6676985015912908,0.6924444444444444,0.6924444444444444,0.6924444444444444,0.8309859154929577,0.4419475655430712,0.08121827411167512,0.5770171149144254,0.6456599286563615,0.9187817258883249,0.7583798882681564,0.6456599286563615,0.9187817258883249,0.7583798882681564,0.8309859154929577,0.4419475655430712,0.5770171149144254,0.6456599286563615,0.9187817258883249,0.7583798882681564,236,48,298,543,298,48,779,346,346,543,298,48,236,48,298,543,298,48
Reviewer mode 0 (0.75K out/prop),0.7,,1125,534,591,284,841,0,1.0,0.0,0.6924444444444444,0.680364645715698,0.7383229220746597,0.680364645715698,0.6676985015912908,0.6924444444444444,0.680364645715698,0.7383229220746597,0.680364645715698,0.6676985015912908,0.6924444444444444,0.6924444444444444,0.6924444444444444,0.8309859154929577,0.4419475655430712,0.08121827411167512,0.5770171149144254,0.6456599286563615,0.9187817258883249,0.7583798882681564,0.6456599286563615,0.9187817258883249,0.7583798882681564,0.8309859154929577,0.4419475655430712,0.5770171149144254,0.6456599286563615,0.9187817258883249,0.7583798882681564,236,48,298,543,298,48,779,346,346,543,298,48,236,48,298,543,298,48
Reviewer mode 0 (0.75K out/prop),0.8,,1125,534,591,267,841,17,0.9848888888888889,0.015111111111111112,0.6844444444444444,0.6719376794235632,0.7479235972869822,0.6719376794235632,0.6625856994399458,0.6949458483754513,0.681885158866291,0.7479235972869822,0.681885158866291,0.6679363863352628,0.6949458483754513,0.6844444444444444,0.689655172413793,0.850187265917603,0.4250936329588015,0.0676818950930626,0.5667915106117353,0.6421911421911422,0.9323181049069373,0.7605244996549344,0.6456599286563615,0.9187817258883249,0.7583798882681564,0.850187265917603,0.43238095238095237,0.5732323232323232,0.6456599286563615,0.9313893653516295,0.7626404494382023,227,40,307,551,307,40,770,338,355,543,298,48,227,40,298,543,298,40
Reviewer mode 0 (0.75K out/prop),0.85,,1125,534,591,259,841,25,0.9777777777777777,0.022222222222222223,0.6808888888888889,0.6681923610715033,0.7533318948301112,0.6681923610715033,0.6604005368200807,0.6963636363636364,0.6829234334132248,0.7533318948301112,0.6829234334132248,0.6682918020946189,0.6963636363636364,0.6808888888888889,0.6885393258426966,0.861003861003861,0.41760299625468167,0.06091370558375635,0.562421185372005,0.640877598152425,0.9390862944162437,0.7618393960192176,0.6456599286563615,0.9187817258883249,0.7583798882681564,0.861003861003861,0.42802303262955854,0.5717948717948718,0.6456599286563615,0.9378238341968912,0.7647887323943661,223,36,311,555,311,36,766,334,359,543,298,48,223,36,298,543,298,36
Reviewer mode 0 (0.75K out/prop),0.9,,1125,534,591,254,841,30,0.9733333333333334,0.02666666666666667,0.6791111111111111,0.6663197018954733,0.757869334406921,0.6663197018954733,0.6596467969259563,0.6977168949771689,0.6842636078998073,0.757869334406921,0.6842636078998073,0.6691030464485489,0.6977168949771689,0.6791111111111111,0.6882882882882883,0.8700787401574803,0.41385767790262173,0.05583756345177665,0.5609137055837563,0.6406429391504018,0.9441624365482234,0.7633378932968535,0.6456599286563615,0.9187817258883249,0.7583798882681564,0.8700787401574803,0.4258188824662813,0.571798188874515,0.6456599286563615,0.9427083333333334,0.7664079040225829,221,33,313,558,313,33,764,331,361,543,298,48,221,33,298,543,298,33
Reviewer mode 0 (0.75K out/prop),0.95,,1125,534,591,234,841,50,0.9555555555555556,0.044444444444444446,0.664,0.6504020988992186,0.7587274002256166,0.6504020988992186,0.6448149441340782,0.6948837209302325,0.6770092405248117,0.7587274002256166,0.6770092405248117,0.6611908861693623,0.6948837209302325,0.664,0.6790909090909092,0.8717948717948718,0.38202247191011235,0.050761421319796954,0.53125,0.6296296296296297,0.949238578680203,0.757085020242915,0.6456599286563615,0.9187817258883249,0.7583798882681564,0.8717948717948718,0.4063745019920319,0.5543478260869565,0.6456599286563615,0.9476439790575916,0.768033946251768,204,30,330,561,330,30,747,328,378,543,298,48,204,30,298,543,298,30
Reviewer mode 0 (0.75K out/prop),0.98,,1125,534,591,197,841,87,0.9226666666666666,0.07733333333333334,0.6355555555555555,0.6204395520827393,0.7593781876784345,0.6204395520827393,0.614484061781137,0.6888246628131022,0.6609716811507342,0.7593781876784345,0.6609716811507342,0.6432507663840188,0.6888246628131022,0.6355555555555555,0.6611188164586222,0.8730964467005076,0.32209737827715357,0.04230118443316413,0.4705882352941177,0.6099137931034483,0.9576988155668359,0.7452271231073074,0.6456599286563615,0.9187817258883249,0.7583798882681564,0.8730964467005076,0.3659574468085106,0.5157421289355323,0.6456599286563615,0.9559859154929577,0.7707594038325053,172,25,362,566,362,25,715,323,410,543,298,48,172,25,298,543,298,25
Reviewer mode 0 (0.75K out/prop),1.0,,1125,534,591,196,841,88,0.9217777777777778,0.07822222222222222,0.6346666666666667,0.6195032224947242,0.7590544541240991,0.6195032224947242,0.6134365194765439,0.6885245901639344,0.6602957296014895,0.7590544541240991,0.6602957296014895,0.6425225590591097,0.6885245901639344,0.6346666666666667,0.6604995374653099,0.8724489795918368,0.3202247191011236,0.04230118443316413,0.46849315068493147,0.6092572658772875,0.9576988155668359,0.7447368421052633,0.6456599286563615,0.9187817258883249,0.7583798882681564,0.8724489795918368,0.3646055437100213,0.5142857142857142,0.6456599286563615,0.9559859154929577,0.7707594038325053,171,25,363,566,363,25,714,323,411,543,298,48,171,25,298,543,298,25
Reviewer mode 1 (3.58K out/prop),0.0,,1125,534,591,357,768,0,1.0,0.0,0.7288888888888889,0.7201990532139395,0.7534631039915967,0.7201990532139395,0.7166291316401692,0.7288888888888889,0.7201990532139395,0.7534631039915967,0.7201990532139395,0.7166291316401692,0.7288888888888889,0.7288888888888889,0.7288888888888889,0.8207282913165266,0.548689138576779,0.10829103214890017,0.6576879910213244,0.6861979166666666,0.8917089678510999,0.775570272259014,0.6861979166666666,0.8917089678510999,0.775570272259014,0.8207282913165266,0.548689138576779,0.6576879910213244,0.6861979166666666,0.8917089678510999,0.775570272259014,293,64,241,527,241,64,820,305,305,527,241,64,293,64,241,527,241,64
Reviewer mode 1 (3.58K out/prop),0.7,,1125,534,591,357,768,0,1.0,0.0,0.7288888888888889,0.7201990532139395,0.7534631039915967,0.7201990532139395,0.7166291316401692,0.7288888888888889,0.7201990532139395,0.7534631039915967,0.7201990532139395,0.7166291316401692,0.7288888888888889,0.7288888888888889,0.7288888888888889,0.8207282913165266,0.548689138576779,0.10829103214890017,0.6576879910213244,0.6861979166666666,0.8917089678510999,0.775570272259014,0.6861979166666666,0.8917089678510999,0.775570272259014,0.8207282913165266,0.548689138576779,0.6576879910213244,0.6861979166666666,0.8917089678510999,0.775570272259014,293,64,241,527,241,64,820,305,305,527,241,64,293,64,241,527,241,64
Reviewer mode 1 (3.58K out/prop),0.75,,1125,534,591,329,768,28,0.9751111111111112,0.024888888888888887,0.7164444444444444,0.7070904389817297,0.7671111163880446,0.7070904389817297,0.7110759820159497,0.7347310847766636,0.7249416744434075,0.7671111163880446,0.7249416744434075,0.7204434694654984,0.7347310847766636,0.7164444444444444,0.7254725472547255,0.8480243161094225,0.5224719101123596,0.08460236886632826,0.6465816917728854,0.6796482412060302,0.9153976311336718,0.7801009372746937,0.6861979166666666,0.8917089678510999,0.775570272259014,0.8480243161094225,0.5365384615384615,0.6572438162544169,0.6861979166666666,0.9133448873483535,0.7836431226765799,279,50,255,541,255,50,806,291,319,527,241,64,279,50,241,527,241,50
Reviewer mode 1 (3.58K out/prop),0.8,,1125,534,591,327,768,30,0.9733333333333334,0.02666666666666667,0.7146666666666667,0.7052177798056998,0.7666463589449541,0.7052177798056998,0.7095040676045361,0.7342465753424657,0.7240469610486941,0.7666463589449541,0.7240469610486941,0.7196322122258639,0.7342465753424657,0.7146666666666667,0.7243243243243244,0.8470948012232415,0.5187265917602997,0.08460236886632826,0.6434378629500581,0.6779448621553885,0.9153976311336718,0.7789776817854571,0.6861979166666666,0.8917089678510999,0.775570272259014,0.8470948012232415,0.5347490347490348,0.655621301775148,0.6861979166666666,0.9133448873483535,0.7836431226765799,277,50,257,541,257,50,804,291,321,527,241,64,277,50,241,527,241,50
Reviewer mode 1 (3.58K out/prop),0.85,,1125,534,591,325,768,32,0.9715555555555555,0.028444444444444446,0.7137777777777777,0.7042814502176848,0.7677143429487179,0.7042814502176848,0.7090889778058749,0.7346752058554438,0.7243898425746831,0.7677143429487179,0.7243898425746831,0.7199040691098293,0.7346752058554438,0.7137777777777777,0.7240757439134355,0.8492307692307692,0.5168539325842697,0.0829103214890017,0.6426076833527359,0.6775,0.9170896785109983,0.7792954708842559,0.6861979166666666,0.8917089678510999,0.775570272259014,0.8492307692307692,0.5338491295938105,0.655581947743468,0.6861979166666666,0.9149305555555556,0.7842261904761905,276,49,258,542,258,49,803,290,322,527,241,64,276,49,241,527,241,49
Reviewer mode 1 (3.58K out/prop),0.9,,1125,534,591,315,768,42,0.9626666666666667,0.037333333333333336,0.7102222222222222,0.7005361318656249,0.774844990079365,0.7005361318656249,0.708162050145997,0.7377654662973222,0.7273879142300195,0.774844990079365,0.7273879142300195,0.7223738653841989,0.7377654662973222,0.7102222222222222,0.723731884057971,0.8634920634920635,0.5093632958801498,0.0727580372250423,0.64075382803298,0.6765432098765433,0.9272419627749577,0.782298358315489,0.6861979166666666,0.8917089678510999,0.775570272259014,0.8634920634920635,0.530214424951267,0.6570048309178744,0.6861979166666666,0.9245614035087719,0.7877428998505233,272,43,262,548,262,43,799,284,326,527,241,64,272,43,241,527,241,43
Reviewer mode 1 (3.58K out/prop),0.95,,1125,534,591,290,768,67,0.9404444444444444,0.059555555555555556,0.6924444444444444,0.6818095401053252,0.7775817169540229,0.6818095401053252,0.6936103788479535,0.7362948960302458,0.7219497747222172,0.7775817169540229,0.7219497747222172,0.7171879176690723,0.7362948960302458,0.6924444444444444,0.7136967475950526,0.8689655172413793,0.47191011235955055,0.06429780033840947,0.6116504854368932,0.6622754491017964,0.9357021996615905,0.7755960729312763,0.6861979166666666,0.8917089678510999,0.775570272259014,0.8689655172413793,0.5111561866125761,0.6436781609195402,0.6861979166666666,0.9327433628318584,0.7906976744186045,252,38,282,553,282,38,779,279,346,527,241,64,252,38,241,527,241,38
Reviewer mode 1 (3.58K out/prop),0.98,,1125,534,591,252,768,105,0.9066666666666666,0.09333333333333334,0.6684444444444444,0.6565286412289207,0.7895275297619048,0.6565286412289207,0.6740446781142398,0.7372549019607844,0.717048077965944,0.7895275297619048,0.717048077965944,0.7120089001639281,0.7372549019607844,0.6684444444444444,0.7011655011655011,0.8928571428571429,0.42134831460674155,0.04568527918781726,0.5725190839694657,0.6460481099656358,0.9543147208121827,0.7704918032786885,0.6861979166666666,0.8917089678510999,0.775570272259014,0.8928571428571429,0.48283261802575106,0.6267409470752089,0.6861979166666666,0.9512635379061372,0.7972768532526474,225,27,309,564,309,27,752,268,373,527,241,64,225,27,241,527,241,27
Reviewer mode 1 (3.58K out/prop),1.0,,1125,534,591,249,768,108,0.904,0.096,0.6666666666666666,0.6546559820528908,0.7908901229919678,0.6546559820528908,0.67258717955224,0.7374631268436578,0.716793586705743,0.7908901229919678,0.716793586705743,0.711703170172624,0.7374631268436578,0.6666666666666666,0.700280112044818,0.8955823293172691,0.41760299625468167,0.043993231810490696,0.5696040868454662,0.6449771689497716,0.9560067681895094,0.7702794819359235,0.6861979166666666,0.8917089678510999,0.775570272259014,0.8955823293172691,0.48060344827586204,0.6255259467040672,0.6861979166666666,0.9529837251356239,0.7978803936411808,223,26,311,565,311,26,750,267,375,527,241,64,223,26,241,527,241,26
Reviewer mode 2 (5.48K out/prop),0.0,,1125,534,591,331,794,0,1.0,0.0,0.7253333333333334,0.7154603699690109,0.7587305090291994,0.7154603699690109,0.7098349366665971,0.7253333333333334,0.7154603699690109,0.7587305090291994,0.7154603699690109,0.7098349366665971,0.7253333333333334,0.7253333333333334,0.7253333333333334,0.8398791540785498,0.5205992509363296,0.08967851099830795,0.6427745664739885,0.6775818639798489,0.9103214890016921,0.7768953068592058,0.6775818639798489,0.9103214890016921,0.7768953068592058,0.8398791540785498,0.5205992509363296,0.6427745664739885,0.6775818639798489,0.9103214890016921,0.7768953068592058,278,53,256,538,256,53,816,309,309,538,256,53,278,53,256,538,256,53
Reviewer mode 2 (5.48K out/prop),0.7,,1125,534,591,331,794,0,1.0,0.0,0.7253333333333334,0.7154603699690109,0.7587305090291994,0.7154603699690109,0.7098349366665971,0.7253333333333334,0.7154603699690109,0.7587305090291994,0.7154603699690109,0.7098349366665971,0.7253333333333334,0.7253333333333334,0.7253333333333334,0.8398791540785498,0.5205992509363296,0.08967851099830795,0.6427745664739885,0.6775818639798489,0.9103214890016921,0.7768953068592058,0.6775818639798489,0.9103214890016921,0.7768953068592058,0.8398791540785498,0.5205992509363296,0.6427745664739885,0.6775818639798489,0.9103214890016921,0.7768953068592058,278,53,256,538,256,53,816,309,309,538,256,53,278,53,256,538,256,53
Reviewer mode 2 (5.48K out/prop),0.8,,1125,534,591,311,794,20,0.9822222222222222,0.017777777777777778,0.7155555555555555,0.7051607445008461,0.7680513821506961,0.7051607445008461,0.7044239847905496,0.7285067873303167,0.7174574389098054,0.7680513821506961,0.7174574389098054,0.7111322569851096,0.7285067873303167,0.7155555555555555,0.7219730941704036,0.8585209003215434,0.5,0.07445008460236886,0.6319526627218934,0.671990171990172,0.9255499153976311,0.7786476868327401,0.6775818639798489,0.9103214890016921,0.7768953068592058,0.8585209003215434,0.5105162523900574,0.6402877697841727,0.6775818639798489,0.9243986254295533,0.7819767441860466,267,44,267,547,267,44,805,300,320,538,256,53,267,44,256,538,256,44
Reviewer mode 2 (5.48K out/prop),0.85,,1125,534,591,308,794,23,0.9795555555555555,0.020444444444444446,0.7128888888888889,0.7023517557368011,0.767362360561353,0.7023517557368011,0.7019868458286528,0.7277676950998185,0.7160454665609305,0.767362360561353,0.7160454665609305,0.7098289518031682,0.7277676950998185,0.7128888888888889,0.720251459362371,0.8571428571428571,0.4943820224719101,0.07445008460236886,0.6270783847980997,0.6695226438188494,0.9255499153976311,0.7769886363636362,0.6775818639798489,0.9103214890016921,0.7768953068592058,0.8571428571428571,0.5076923076923077,0.6376811594202898,0.6775818639798489,0.9243986254295533,0.7819767441860466,264,44,270,547,270,44,802,300,323,538,256,53,264,44,256,538,256,44
Reviewer mode 2 (5.48K out/prop),0.9,,1125,534,591,297,794,34,0.9697777777777777,0.030222222222222223,0.7066666666666667,0.6957974486206963,0.771450864649857,0.6957974486206963,0.697713598074609,0.7286892758936755,0.7158852533101304,0.771450864649857,0.7158852533101304,0.7094122305006659,0.7286892758936755,0.7066666666666667,0.7175090252707581,0.8653198653198653,0.4812734082397004,0.0676818950930626,0.618531889290012,0.6654589371980676,0.9323181049069373,0.7766032417195208,0.6775818639798489,0.9103214890016921,0.7768953068592058,0.8653198653198653,0.5009746588693957,0.634567901234568,0.6775818639798489,0.9307958477508651,0.7842565597667639,257,40,277,551,277,40,795,296,330,538,256,53,257,40,256,538,256,40
Reviewer mode 2 (5.48K out/prop),0.95,,1125,534,591,272,794,59,0.9475555555555556,0.052444444444444446,0.6906666666666667,0.6789435160364266,0.778129167284042,0.6789435160364266,0.6849737080201737,0.7288930581613509,0.7125174689097631,0.778129167284042,0.7125174689097631,0.7057428447258955,0.7288930581613509,0.6906666666666667,0.7092651757188498,0.8786764705882353,0.44756554307116103,0.05583756345177665,0.5930521091811414,0.6541617819460727,0.9441624365482234,0.7728531855955679,0.6775818639798489,0.9103214890016921,0.7768953068592058,0.8786764705882353,0.48282828282828283,0.6232073011734028,0.6775818639798489,0.9422066549912435,0.7882783882783883,239,33,295,558,295,33,777,289,348,538,256,53,239,33,256,538,256,33
Reviewer mode 2 (5.48K out/prop),1.0,,1125,534,591,242,794,89,0.9208888888888889,0.0791111111111111,0.6702222222222223,0.657407935512082,0.7850719237254616,0.657407935512082,0.6667981688935205,0.7277992277992278,0.7057639139319629,0.7850719237254616,0.7057639139319629,0.6986918478731698,0.7277992277992278,0.6702222222222223,0.6978250809810274,0.8925619834710744,0.4044943820224719,0.043993231810490696,0.5567010309278351,0.6398640996602492,0.9560067681895094,0.7666214382632294,0.6775818639798489,0.9103214890016921,0.7768953068592058,0.8925619834710744,0.4576271186440678,0.6050420168067226,0.6775818639798489,0.9539007092198581,0.7923416789396172,216,26,318,565,318,26,754,282,371,538,256,53,216,26,256,538,256,26
