series,threshold,total,gt_fail,gt_pass,accepted_fail,predicted_pass,inconclusive,coverage,inconclusive_rate,accuracy_abstain_wrong,balanced_accuracy,macro_precision,macro_recall,macro_f1,covered_accuracy,covered_balanced_accuracy,covered_macro_precision,covered_macro_recall,covered_macro_f1,combined_precision,combined_recall,combined_f1,fail_precision,fail_recall,fail_false_positive_rate,fail_f1,not_fail_precision,not_fail_recall,not_fail_f1,pass_precision,pass_recall,pass_f1,covered_fail_precision,covered_fail_recall,covered_fail_f1,covered_pass_precision,covered_pass_recall,covered_pass_f1,fail_tp,fail_fp,fail_fn,not_fail_tp,not_fail_fp,not_fail_fn,combined_tp,combined_fp,combined_fn,pass_tp,pass_fp,pass_fn,covered_fail_tp,covered_fail_fp,covered_fail_fn,covered_pass_tp,covered_pass_fp,covered_pass_fn
VibeTest static (5.90K out/prop),0.0,1125,534,591,422,546,157,0.8604444444444445,0.13955555555555554,0.6284444444444445,0.6257723530865605,0.7297753589222784,0.6257723530865605,0.6727661798095996,0.7303719008264463,0.7296106557377049,0.7297753589222784,0.7296106557377049,0.7270604330801529,0.7303719008264463,0.6284444444444445,0.6755852842809364,0.7251184834123223,0.5730337078651685,0.14720812182741116,0.6401673640167365,0.716927453769559,0.8527918781725888,0.7789799072642967,0.7344322344322345,0.6785109983079526,0.7053649956024627,0.7251184834123223,0.6375,0.6784922394678492,0.7344322344322345,0.8217213114754098,0.7756286266924565,306,116,228,504,199,87,707,261,418,401,145,190,306,116,174,401,145,87
VibeTest static (5.90K out/prop),0.55,1125,534,591,422,546,157,0.8604444444444445,0.13955555555555554,0.6284444444444445,0.6257723530865605,0.7297753589222784,0.6257723530865605,0.6727661798095996,0.7303719008264463,0.7296106557377049,0.7297753589222784,0.7296106557377049,0.7270604330801529,0.7303719008264463,0.6284444444444445,0.6755852842809364,0.7251184834123223,0.5730337078651685,0.14720812182741116,0.6401673640167365,0.716927453769559,0.8527918781725888,0.7789799072642967,0.7344322344322345,0.6785109983079526,0.7053649956024627,0.7251184834123223,0.6375,0.6784922394678492,0.7344322344322345,0.8217213114754098,0.7756286266924565,306,116,228,504,199,87,707,261,418,401,145,190,306,116,174,401,145,87
VibeTest static (5.90K out/prop),0.6,1125,534,591,420,546,159,0.8586666666666667,0.14133333333333334,0.6275555555555555,0.6248360234985455,0.7303113553113554,0.6248360234985455,0.6723889967530132,0.7308488612836439,0.7298983126414706,0.7303113553113554,0.7298983126414706,0.7274579659074754,0.7308488612836439,0.6275555555555555,0.6752749880439981,0.7261904761904762,0.5711610486891385,0.14720812182741116,0.6394129979035639,0.7148936170212766,0.8527918781725888,0.7777777777777778,0.7344322344322345,0.6785109983079526,0.7053649956024627,0.7261904761904762,0.6380753138075314,0.6792873051224944,0.7344322344322345,0.8217213114754098,0.7756286266924565,305,115,229,504,201,87,706,260,419,401,145,190,305,115,173,401,145,87
VibeTest static (5.90K out/prop),0.65,1125,534,591,419,546,160,0.8577777777777778,0.14222222222222222,0.6275555555555555,0.6248360234985455,0.7311779310585993,0.6248360234985455,0.6727244705189648,0.7316062176165803,0.730567154689487,0.7311779310585993,0.730567154689487,0.728216099060514,0.7316062176165803,0.6275555555555555,0.6755980861244019,0.7279236276849642,0.5711610486891385,0.14720812182741116,0.640083945435467,0.7138810198300283,0.8527918781725888,0.777178103315343,0.7344322344322345,0.6785109983079526,0.7053649956024627,0.7279236276849642,0.639412997903564,0.6808035714285715,0.7344322344322345,0.8217213114754098,0.7756286266924565,305,114,229,504,202,87,706,259,419,401,145,190,305,114,172,401,145,87
VibeTest static (5.90K out/prop),0.7,1125,534,591,417,546,162,0.856,0.144,0.6266666666666667,0.6238996939105306,0.7317245105014889,0.6238996939105306,0.6723460098937655,0.7320872274143302,0.7308606557377049,0.7317245105014889,0.7308606557377049,0.7286214882341207,0.7320872274143302,0.6266666666666667,0.6752873563218391,0.7290167865707434,0.5692883895131086,0.14720812182741116,0.6393270241850683,0.711864406779661,0.8527918781725888,0.7759815242494226,0.7344322344322345,0.6785109983079526,0.7053649956024627,0.7290167865707434,0.64,0.6816143497757848,0.7344322344322345,0.8217213114754098,0.7756286266924565,304,113,230,504,204,87,705,258,420,401,145,190,304,113,171,401,145,87
VibeTest static (5.90K out/prop),0.75,1125,534,591,409,546,170,0.8488888888888889,0.1511111111111111,0.6257777777777778,0.6229633643225156,0.7376317651378776,0.6229633643225156,0.6739974500811889,0.7371727748691099,0.7362710868211206,0.7376317651378776,0.7362710868211206,0.7336152359776595,0.7371727748691099,0.6257777777777778,0.676923076923077,0.7408312958435208,0.5674157303370787,0.13705583756345177,0.6426299045599152,0.7122905027932961,0.8629441624365483,0.7804131599081867,0.7344322344322345,0.6785109983079526,0.7053649956024627,0.7408312958435208,0.6405919661733616,0.6870748299319729,0.7344322344322345,0.8319502074688797,0.7801556420233463,303,106,231,510,206,81,704,251,421,401,145,190,303,106,170,401,145,81
VibeTest static (5.90K out/prop),0.8,1125,534,591,397,546,182,0.8382222222222222,0.16177777777777777,0.6213333333333333,0.6182817163824408,0.7425309786770744,0.6182817163824408,0.6727684269097168,0.7412513255567338,0.7404813315339631,0.7425309786770744,0.7404813315339631,0.7372608742420725,0.7412513255567338,0.6213333333333333,0.6760154738878144,0.7506297229219143,0.5580524344569289,0.12521150592216582,0.640171858216971,0.7101648351648352,0.8747884940778342,0.7839272175890827,0.7344322344322345,0.6785109983079526,0.7053649956024627,0.7506297229219143,0.6367521367521367,0.6890173410404624,0.7344322344322345,0.8442105263157895,0.7855044074436828,298,99,236,517,211,74,699,244,426,401,145,190,298,99,170,401,145,74
VibeTest static (5.90K out/prop),0.82,1125,534,591,387,546,192,0.8293333333333334,0.17066666666666666,0.6142222222222222,0.6107910796783209,0.7418931198000966,0.6107910796783209,0.6675576335232727,0.7406216505894962,0.7391074547292951,0.7418931198000966,0.7391074547292951,0.7359079496647523,0.7406216505894962,0.6142222222222222,0.6715257531584062,0.7493540051679587,0.5430711610486891,0.1218274111675127,0.6297502714440826,0.7032520325203252,0.8781725888324873,0.781038374717833,0.7344322344322345,0.6785109983079526,0.7053649956024627,0.7493540051679587,0.6304347826086957,0.6847697756788667,0.7344322344322345,0.8477801268498943,0.787046123650638,290,97,244,519,219,72,691,242,434,401,145,190,290,97,170,401,145,72
VibeTest static (5.90K out/prop),0.85,1125,534,591,386,546,193,0.8284444444444444,0.17155555555555554,0.6142222222222222,0.6107910796783209,0.7428637856098996,0.6107910796783209,0.6678998891055792,0.7414163090128756,0.7397942028584984,0.7428637856098996,0.7397942028584984,0.7367183280975084,0.7414163090128756,0.6142222222222222,0.6718522119591638,0.7512953367875648,0.5430711610486891,0.1218274111675127,0.6304347826086957,0.7023004059539919,0.8781725888324873,0.7804511278195487,0.7344322344322345,0.6785109983079526,0.7053649956024627,0.7512953367875648,0.6318082788671024,0.6863905325443788,0.7344322344322345,0.8477801268498943,0.787046123650638,290,96,244,519,220,72,691,241,434,401,145,190,290,96,169,401,145,72
VibeTest static (5.90K out/prop),0.9,1125,534,591,332,546,247,0.7804444444444445,0.21955555555555556,0.5884444444444444,0.5836375216258864,0.7602884063727438,0.5836375216258864,0.6540681790945339,0.7539863325740319,0.7494129748150611,0.7602884063727438,0.7494129748150611,0.7462380952380954,0.7539863325740319,0.5884444444444444,0.6610084872690963,0.786144578313253,0.4887640449438202,0.08967851099830795,0.602771362586605,0.6784363177805801,0.9103214890016921,0.7774566473988439,0.7344322344322345,0.6785109983079526,0.7053649956024627,0.786144578313253,0.6155660377358491,0.6904761904761906,0.7344322344322345,0.8832599118942731,0.802,261,71,273,538,255,53,662,216,463,401,145,190,261,71,163,401,145,53
VibeTest static (5.90K out/prop),0.95,1125,534,591,260,546,319,0.7164444444444444,0.28355555555555556,0.5466666666666666,0.5396300309891823,0.7787545787545788,0.5396300309891823,0.6222039083805764,0.7630272952853598,0.7496159754224271,0.7787545787545788,0.7496159754224271,0.7477912684060966,0.7630272952853598,0.5466666666666666,0.6369756602796478,0.823076923076923,0.40074906367041196,0.05583756345177665,0.5390428211586901,0.6450867052023121,0.9441624365482234,0.7664835164835165,0.7344322344322345,0.6785109983079526,0.7053649956024627,0.823076923076923,0.5752688172043011,0.6772151898734177,0.7344322344322345,0.923963133640553,0.8183673469387756,214,46,320,558,307,33,615,191,510,401,145,190,214,46,158,401,145,33
VibeTest static (5.90K out/prop),1.0,1125,534,591,104,546,475,0.5777777777777777,0.4222222222222222,0.4408888888888889,0.4282068100153995,0.8239468864468864,0.4282068100153995,0.5015853191178458,0.7630769230769231,0.6881022436577993,0.8239468864468864,0.6881022436577993,0.6945517114163977,0.7630769230769231,0.4408888888888889,0.5588732394366196,0.9134615384615384,0.17790262172284643,0.01015228426395939,0.29780564263322884,0.5729676787463271,0.9898477157360406,0.7258064516129032,0.7344322344322345,0.6785109983079526,0.7053649956024627,0.9134615384615384,0.39094650205761317,0.547550432276657,0.7344322344322345,0.9852579852579852,0.8415529905561385,95,9,439,585,436,6,496,154,629,401,145,190,95,9,148,401,145,6
VibeTest dynamic (13.95K out/prop),0.0,1125,534,591,444,663,18,0.984,0.016,0.7111111111111111,0.7055362269244663,0.7216073539602952,0.7055362269244663,0.7095233901820922,0.7226738934056007,0.7172250212654583,0.7216073539602952,0.7172250212654583,0.7152689458495898,0.7226738934056007,0.7111111111111111,0.7168458781362008,0.7162162162162162,0.5955056179775281,0.1658206429780034,0.6503067484662577,0.723935389133627,0.8341793570219966,0.7751572327044024,0.726998491704374,0.8155668358714044,0.7687400318979267,0.7162162162162162,0.603415559772296,0.6549948506694129,0.726998491704374,0.8310344827586207,0.7755430410297668,318,126,216,493,188,98,800,307,325,482,181,109,318,126,209,482,181,98
VibeTest dynamic (13.95K out/prop),0.4,1125,534,591,444,663,18,0.984,0.016,0.7111111111111111,0.7055362269244663,0.7216073539602952,0.7055362269244663,0.7095233901820922,0.7226738934056007,0.7172250212654583,0.7216073539602952,0.7172250212654583,0.7152689458495898,0.7226738934056007,0.7111111111111111,0.7168458781362008,0.7162162162162162,0.5955056179775281,0.1658206429780034,0.6503067484662577,0.723935389133627,0.8341793570219966,0.7751572327044024,0.726998491704374,0.8155668358714044,0.7687400318979267,0.7162162162162162,0.603415559772296,0.6549948506694129,0.726998491704374,0.8310344827586207,0.7755430410297668,318,126,216,493,188,98,800,307,325,482,181,109,318,126,209,482,181,98
VibeTest dynamic (13.95K out/prop),0.65,1125,534,591,443,663,19,0.9831111111111112,0.016888888888888887,0.7102222222222222,0.7045998973364513,0.7212870562359341,0.7045998973364513,0.7088326566859132,0.7224231464737794,0.7168480398583978,0.7212870562359341,0.7168480398583978,0.7149129033838204,0.7224231464737794,0.7102222222222222,0.7162707306140743,0.7155756207674944,0.5936329588014981,0.1658206429780034,0.6489252814738997,0.7228739002932552,0.8341793570219966,0.774548311076198,0.726998491704374,0.8155668358714044,0.7687400318979267,0.7155756207674944,0.6026615969581749,0.654282765737874,0.726998491704374,0.8310344827586207,0.7755430410297668,317,126,217,493,189,98,799,307,326,482,181,109,317,126,209,482,181,98
VibeTest dynamic (13.95K out/prop),0.7,1125,534,591,442,663,20,0.9822222222222222,0.017777777777777778,0.7102222222222222,0.7045998973364513,0.7220965309200603,0.7045998973364513,0.7091650979161764,0.7230769230769231,0.7174220032840722,0.7220965309200603,0.7174220032840722,0.7155895143101263,0.7230769230769231,0.7102222222222222,0.7165919282511211,0.7171945701357466,0.5936329588014981,0.1658206429780034,0.6495901639344261,0.7218155197657394,0.8341793570219966,0.7739403453689169,0.726998491704374,0.8155668358714044,0.7687400318979267,0.7171945701357466,0.6038095238095238,0.6556359875904859,0.726998491704374,0.8310344827586207,0.7755430410297668,317,125,217,493,190,98,799,306,326,482,181,109,317,125,208,482,181,98
VibeTest dynamic (13.95K out/prop),0.75,1125,534,591,434,663,28,0.9751111111111112,0.024888888888888887,0.7084444444444444,0.7027272381604213,0.7264024716586386,0.7027272381604213,0.7097832390894592,0.7265268915223336,0.7210078547111611,0.7264024716586386,0.7210078547111611,0.7188059898176141,0.7265268915223336,0.7084444444444444,0.7173717371737174,0.7258064516129032,0.5898876404494382,0.155668358714044,0.6508264462809917,0.7221418234442837,0.8443316412859561,0.7784711388455537,0.726998491704374,0.8155668358714044,0.7687400318979267,0.7258064516129032,0.6022944550669216,0.658307210031348,0.726998491704374,0.8397212543554007,0.7793047696038803,315,119,219,499,192,92,797,300,328,482,181,109,315,119,208,482,181,92
VibeTest dynamic (13.95K out/prop),0.8,1125,534,591,431,663,31,0.9724444444444444,0.027555555555555555,0.7075555555555556,0.7017909085724063,0.7277683873835095,0.7017909085724063,0.7097586169852328,0.7276051188299817,0.7220949548535756,0.7277683873835095,0.7220949548535756,0.7197692350174816,0.7276051188299817,0.7075555555555556,0.7174402884182064,0.728538283062645,0.5880149812734082,0.15228426395939088,0.6507772020725388,0.7219020172910663,0.8477157360406091,0.7797665369649806,0.726998491704374,0.8155668358714044,0.7687400318979267,0.728538283062645,0.6015325670498084,0.6589716684155299,0.726998491704374,0.8426573426573427,0.7805668016194333,314,117,220,501,193,90,796,298,329,482,181,109,314,117,208,482,181,90
VibeTest dynamic (13.95K out/prop),0.85,1125,534,591,418,663,44,0.9608888888888889,0.03911111111111111,0.7013333333333334,0.6952366014563014,0.7307241262349622,0.6952366014563014,0.706849007545602,0.7298797409805735,0.7235160475523708,0.7307241262349622,0.7235160475523708,0.7213045378910895,0.7298797409805735,0.7013333333333334,0.71532184950136,0.7344497607655502,0.5749063670411985,0.1455160744500846,0.6449579831932772,0.7142857142857143,0.8544839255499154,0.7781201848998459,0.726998491704374,0.8155668358714044,0.7687400318979267,0.7344497607655502,0.5984405458089669,0.6595059076262083,0.726998491704374,0.8485915492957746,0.7831031681559707,307,111,227,505,202,86,789,292,336,482,181,109,307,111,206,482,181,86
VibeTest dynamic (13.95K out/prop),0.9,1125,534,591,375,663,87,0.9226666666666666,0.07733333333333334,0.6782222222222222,0.6708920321679119,0.7381659125188537,0.6708920321679119,0.6935009290402725,0.7350674373795761,0.724947013343682,0.7381659125188537,0.724947013343682,0.7232940518798525,0.7350674373795761,0.6782222222222222,0.7055016181229773,0.7493333333333333,0.5262172284644194,0.12521150592216582,0.6182618261826183,0.6893333333333334,0.8747884940778342,0.7710663683818045,0.726998491704374,0.8155668358714044,0.7687400318979267,0.7493333333333333,0.58298755186722,0.6557759626604435,0.726998491704374,0.8669064748201439,0.7908121410992617,281,94,253,517,233,74,763,275,362,482,181,109,281,94,201,482,181,74
VibeTest dynamic (13.95K out/prop),0.95,1125,534,591,297,663,165,0.8533333333333334,0.14666666666666667,0.6408888888888888,0.6315661894712827,0.7658561482090893,0.6315661894712827,0.6719753107744748,0.7510416666666667,0.73376026272578,0.7658561482090893,0.73376026272578,0.7322266379643428,0.7510416666666667,0.6408888888888888,0.6916067146282974,0.8047138047138047,0.44756554307116103,0.0727580372250423,0.5752105896510228,0.6618357487922706,0.9272419627749577,0.7723749119097957,0.726998491704374,0.8155668358714044,0.7687400318979267,0.8047138047138047,0.5494252873563218,0.6530054644808743,0.726998491704374,0.9180952380952381,0.8114478114478114,239,58,295,548,280,43,721,239,404,482,181,109,239,58,196,482,181,43
VibeTest dynamic (13.95K out/prop),1.0,1125,534,591,174,663,288,0.744,0.256,0.5653333333333334,0.5519781744900093,0.8060279814843709,0.5519781744900093,0.6018841402427486,0.7598566308243727,0.7107765827513014,0.8060279814843709,0.7107765827513014,0.7155833154044751,0.7598566308243727,0.5653333333333334,0.6483180428134557,0.8850574712643678,0.2883895131086142,0.028764805414551606,0.4350282485875706,0.6035751840168244,0.9712351945854484,0.7444876783398184,0.726998491704374,0.8155668358714044,0.7687400318979267,0.8850574712643678,0.4556213017751479,0.6015625,0.726998491704374,0.9659318637274549,0.8296041308089501,154,20,380,574,377,17,636,201,489,482,181,109,154,20,184,482,181,17
TrainCheck,0.0,1125,534,591,0,0,1125,0.0,1.0,0.0,0.0,,0.0,,,,,,,,0.0,,,0.0,0.0,,0.5253333333333333,1.0,0.6888111888111889,,0.0,,,,,,,,0,0,534,591,534,0,0,0,1125,0,0,591,0,0,0,0,0,0
TrainCheck,1.0,1125,534,591,0,0,1125,0.0,1.0,0.0,0.0,,0.0,,,,,,,,0.0,,,0.0,0.0,,0.5253333333333333,1.0,0.6888111888111889,,0.0,,,,,,,,0,0,534,591,534,0,0,0,1125,0,0,591,0,0,0,0,0,0
Reviewer mode 0 (0.75K out/prop),0.0,1125,534,591,284,13,828,0.264,0.736,0.192,0.20134413201771897,0.7472914409534128,0.20134413201771897,0.2683900322220243,0.7272727272727273,0.5171692396479585,0.7472914409534128,0.5171692396479585,0.5347265235774109,0.7272727272727273,0.192,0.3037974683544304,0.7253521126760564,0.3857677902621723,0.08121827411167512,0.5036674816625917,0.6456599286563615,0.9187817258883249,0.7583798882681564,0.7692307692307693,0.01692047377326565,0.033112582781456956,0.7253521126760564,0.8619246861924686,0.7877629063097514,0.7692307692307693,0.1724137931034483,0.28169014084507044,206,78,328,543,298,48,216,81,909,10,3,581,206,78,33,10,3,48
Reviewer mode 0 (0.75K out/prop),0.7,1125,534,591,284,13,828,0.264,0.736,0.192,0.20134413201771897,0.7472914409534128,0.20134413201771897,0.2683900322220243,0.7272727272727273,0.5171692396479585,0.7472914409534128,0.5171692396479585,0.5347265235774109,0.7272727272727273,0.192,0.3037974683544304,0.7253521126760564,0.3857677902621723,0.08121827411167512,0.5036674816625917,0.6456599286563615,0.9187817258883249,0.7583798882681564,0.7692307692307693,0.01692047377326565,0.033112582781456956,0.7253521126760564,0.8619246861924686,0.7877629063097514,0.7692307692307693,0.1724137931034483,0.28169014084507044,206,78,328,543,298,48,216,81,909,10,3,581,206,78,33,10,3,48
Reviewer mode 0 (0.75K out/prop),0.8,1125,534,591,267,13,845,0.24888888888888888,0.7511111111111111,0.18488888888888888,0.19385349531359913,0.7554019014693172,0.19385349531359913,0.26374730262668356,0.7428571428571429,0.5304347826086957,0.7554019014693172,0.5304347826086957,0.5571205007824727,0.7428571428571429,0.18488888888888888,0.296085409252669,0.7415730337078652,0.3707865168539326,0.0676818950930626,0.49438202247191015,0.6421911421911422,0.9323181049069373,0.7605244996549344,0.7692307692307693,0.01692047377326565,0.033112582781456956,0.7415730337078652,0.8608695652173913,0.7967806841046278,0.7692307692307693,0.2,0.31746031746031744,198,69,336,551,307,40,208,72,917,10,3,581,198,69,32,10,3,40
Reviewer mode 0 (0.75K out/prop),0.85,1125,534,591,259,13,853,0.24177777777777779,0.7582222222222222,0.18222222222222223,0.19104450654955418,0.761063261063261,0.19104450654955418,0.26245793073499074,0.7536764705882353,0.5401115813774529,0.761063261063261,0.5401115813774529,0.5715533810938319,0.7536764705882353,0.18222222222222223,0.2934860415175376,0.752895752895753,0.3651685393258427,0.06091370558375635,0.4918032786885245,0.640877598152425,0.9390862944162437,0.7618393960192176,0.7692307692307693,0.01692047377326565,0.033112582781456956,0.752895752895753,0.8628318584070797,0.8041237113402062,0.7692307692307693,0.21739130434782608,0.3389830508474576,195,64,339,555,311,36,205,67,920,10,3,581,195,64,31,10,3,36
Reviewer mode 0 (0.75K out/prop),0.9,1125,534,591,254,13,858,0.23733333333333334,0.7626666666666667,0.18133333333333335,0.1901081769615392,0.7665051483949121,0.1901081769615392,0.2627491847917437,0.7640449438202247,0.5493147840531561,0.7665051483949121,0.5493147840531561,0.5844291691572026,0.7640449438202247,0.18133333333333335,0.2931034482758621,0.7637795275590551,0.36329588014981273,0.05583756345177665,0.49238578680203043,0.6406429391504018,0.9441624365482234,0.7633378932968535,0.7692307692307693,0.01692047377326565,0.033112582781456956,0.7637795275590551,0.8660714285714286,0.8117154811715481,0.7692307692307693,0.23255813953488372,0.3571428571428571,194,60,340,558,313,33,204,63,921,10,3,581,194,60,30,10,3,33
Reviewer mode 0 (0.75K out/prop),0.95,1125,534,591,234,13,878,0.21955555555555556,0.7804444444444445,0.168,0.17606323314131447,0.767094017094017,0.17606323314131447,0.24962920805739514,0.7651821862348178,0.557367149758454,0.767094017094017,0.557367149758454,0.5945749368929962,0.7651821862348178,0.168,0.2755102040816327,0.7649572649572649,0.3352059925093633,0.050761421319796954,0.4661458333333333,0.6296296296296297,0.949238578680203,0.757085020242915,0.7692307692307693,0.01692047377326565,0.033112582781456956,0.7649572649572649,0.8647342995169082,0.8117913832199547,0.7692307692307693,0.25,0.37735849056603776,179,55,355,561,330,30,189,58,936,10,3,581,179,55,28,10,3,30
Reviewer mode 0 (0.75K out/prop),0.98,1125,534,591,197,13,915,0.18666666666666668,0.8133333333333334,0.14222222222222222,0.14890967508888003,0.7653260445138618,0.14890967508888003,0.2217546498038612,0.7619047619047619,0.5714285714285714,0.7653260445138618,0.5714285714285714,0.6115591397849462,0.7619047619047619,0.14222222222222222,0.23970037453183518,0.7614213197969543,0.2808988764044944,0.04230118443316413,0.41039671682626544,0.6099137931034483,0.9576988155668359,0.7452271231073074,0.7692307692307693,0.01692047377326565,0.033112582781456956,0.7614213197969543,0.8571428571428571,0.8064516129032258,0.7692307692307693,0.2857142857142857,0.41666666666666663,150,47,384,566,362,25,160,50,965,10,3,581,150,47,25,10,3,25
Reviewer mode 0 (0.75K out/prop),1.0,1125,534,591,196,13,916,0.18577777777777776,0.8142222222222222,0.14133333333333334,0.14797334550086505,0.7647174254317112,0.14797334550086505,0.22066588043182436,0.7607655502392344,0.5710180623973727,0.7647174254317112,0.5710180623973727,0.6110360360360361,0.7607655502392344,0.14133333333333334,0.2383808095952024,0.7602040816326531,0.27902621722846443,0.04230118443316413,0.40821917808219177,0.6092572658772875,0.9576988155668359,0.7447368421052633,0.7692307692307693,0.01692047377326565,0.033112582781456956,0.7602040816326531,0.8563218390804598,0.8054054054054054,0.7692307692307693,0.2857142857142857,0.41666666666666663,149,47,385,566,363,25,159,50,966,10,3,581,149,47,25,10,3,25
Reviewer mode 1 (3.58K out/prop),0.0,1125,534,591,357,4,764,0.3208888888888889,0.6791111111111111,0.232,0.24411110477385503,0.7363445378151261,0.24411110477385503,0.29460430636901225,0.7229916897506925,0.46116356990557417,0.7363445378151261,0.46116356990557417,0.43856688518206005,0.7229916897506925,0.232,0.351278600269179,0.7226890756302521,0.48314606741573035,0.10829103214890017,0.5791245791245792,0.6861979166666666,0.8917089678510999,0.775570272259014,0.75,0.005076142131979695,0.010084033613445377,0.7226890756302521,0.8775510204081632,0.792626728110599,0.75,0.04477611940298507,0.08450704225352113,258,99,276,527,241,64,261,100,864,3,1,588,258,99,36,3,1,64
Reviewer mode 1 (3.58K out/prop),0.7,1125,534,591,357,4,764,0.3208888888888889,0.6791111111111111,0.232,0.24411110477385503,0.7363445378151261,0.24411110477385503,0.29460430636901225,0.7229916897506925,0.46116356990557417,0.7363445378151261,0.46116356990557417,0.43856688518206005,0.7229916897506925,0.232,0.351278600269179,0.7226890756302521,0.48314606741573035,0.10829103214890017,0.5791245791245792,0.6861979166666666,0.8917089678510999,0.775570272259014,0.75,0.005076142131979695,0.010084033613445377,0.7226890756302521,0.8775510204081632,0.792626728110599,0.75,0.04477611940298507,0.08450704225352113,258,99,276,527,241,64,261,100,864,3,1,588,258,99,36,3,1,64
Reviewer mode 1 (3.58K out/prop),0.75,1125,534,591,329,4,792,0.296,0.704,0.22133333333333333,0.23287514971767526,0.7488601823708207,0.23287514971767526,0.290094160491543,0.7477477477477478,0.4675876010781671,0.7488601823708207,0.4675876010781671,0.45657246564687576,0.7477477477477478,0.22133333333333333,0.34156378600823045,0.7477203647416414,0.4606741573033708,0.08460236886632826,0.5701042873696407,0.6796482412060302,0.9153976311336718,0.7801009372746937,0.75,0.005076142131979695,0.010084033613445377,0.7477203647416414,0.8785714285714286,0.8078817733990147,0.75,0.05660377358490566,0.10526315789473685,246,83,288,541,255,50,249,84,876,3,1,588,246,83,34,3,1,50
Reviewer mode 1 (3.58K out/prop),0.8,1125,534,591,327,4,794,0.2942222222222222,0.7057777777777777,0.21955555555555556,0.2310024905416453,0.7480886850152906,0.2310024905416453,0.2884334221493476,0.7462235649546828,0.46715080765576217,0.7480886850152906,0.46715080765576217,0.45593736407133534,0.7462235649546828,0.21955555555555556,0.3392857142857143,0.746177370030581,0.45692883895131087,0.08460236886632826,0.5667828106852498,0.6779448621553885,0.9153976311336718,0.7789776817854571,0.75,0.005076142131979695,0.010084033613445377,0.746177370030581,0.8776978417266187,0.8066115702479338,0.75,0.05660377358490566,0.10526315789473685,244,83,290,541,257,50,247,84,878,3,1,588,244,83,34,3,1,50
Reviewer mode 1 (3.58K out/prop),0.85,1125,534,591,325,4,796,0.29244444444444445,0.7075555555555556,0.21866666666666668,0.2300661609536303,0.7488461538461538,0.2300661609536303,0.2879290948043943,0.7477203647416414,0.4674743126909192,0.7488461538461538,0.4674743126909192,0.4572259136212624,0.7477203647416414,0.21866666666666668,0.33837689133425036,0.7476923076923077,0.4550561797752809,0.0829103214890017,0.5657741559953433,0.6775,0.9170896785109983,0.7792954708842559,0.75,0.005076142131979695,0.010084033613445377,0.7476923076923077,0.8772563176895307,0.8073089700996677,0.75,0.057692307692307696,0.10714285714285714,243,82,291,542,258,49,246,83,879,3,1,588,243,82,34,3,1,49
Reviewer mode 1 (3.58K out/prop),0.9,1125,534,591,315,4,806,0.28355555555555556,0.7164444444444444,0.21511111111111111,0.22632084260157037,0.7543650793650793,0.22632084260157037,0.2865496728726826,0.7586206896551724,0.4703376333811116,0.7543650793650793,0.4703376333811116,0.4664625850340136,0.7586206896551724,0.21511111111111111,0.335180055401662,0.7587301587301587,0.44756554307116103,0.0727580372250423,0.5630153121319199,0.6765432098765433,0.9272419627749577,0.782298358315489,0.75,0.005076142131979695,0.010084033613445377,0.7587301587301587,0.8754578754578755,0.8129251700680272,0.75,0.06521739130434782,0.12,239,76,295,548,262,43,242,77,883,3,1,588,239,76,34,3,1,43
Reviewer mode 1 (3.58K out/prop),0.95,1125,534,591,290,4,831,0.2613333333333333,0.7386666666666667,0.20266666666666666,0.21321222836936063,0.7629310344827587,0.21321222836936063,0.2781002692339072,0.7755102040816326,0.48124939747421186,0.7629310344827587,0.48124939747421186,0.4810313075506446,0.7755102040816326,0.20266666666666666,0.321353065539112,0.7758620689655172,0.42134831460674155,0.06429780033840947,0.546116504854369,0.6622754491017964,0.9357021996615905,0.7755960729312763,0.75,0.005076142131979695,0.010084033613445377,0.7758620689655172,0.8893280632411067,0.8287292817679559,0.75,0.07317073170731707,0.13333333333333333,225,65,309,553,282,38,228,66,897,3,1,588,225,65,28,3,1,38
Reviewer mode 1 (3.58K out/prop),0.98,1125,534,591,252,4,869,0.22755555555555557,0.7724444444444445,0.184,0.19354930702104603,0.7797619047619048,0.19354930702104603,0.2645840015395471,0.80859375,0.5013274336283186,0.7797619047619048,0.5013274336283186,0.5150135367954713,0.80859375,0.184,0.29978276611151344,0.8095238095238095,0.38202247191011235,0.04568527918781726,0.5190839694656488,0.6460481099656358,0.9543147208121827,0.7704918032786885,0.75,0.005076142131979695,0.010084033613445377,0.8095238095238095,0.9026548672566371,0.8535564853556487,0.75,0.1,0.17647058823529416,204,48,330,564,309,27,207,49,918,3,1,588,204,48,22,3,1,27
Reviewer mode 1 (3.58K out/prop),1.0,1125,534,591,249,4,872,0.2248888888888889,0.7751111111111111,0.18222222222222223,0.19167664784501606,0.7806224899598393,0.19167664784501606,0.26302413685780823,0.8102766798418972,0.5026169950738917,0.7806224899598393,0.5026169950738917,0.5179704016913319,0.8102766798418972,0.18222222222222223,0.29753265602322204,0.8112449799196787,0.3782771535580524,0.043993231810490696,0.5159642401021711,0.6449771689497716,0.9560067681895094,0.7702794819359235,0.75,0.005076142131979695,0.010084033613445377,0.8112449799196787,0.9017857142857143,0.8541226215644819,0.75,0.10344827586206896,0.18181818181818182,202,47,332,565,311,26,205,48,920,3,1,588,202,47,22,3,1,26
Reviewer mode 2 (5.48K out/prop),0.0,1125,534,591,331,15,779,0.3075555555555556,0.6924444444444444,0.23644444444444446,0.24788969372041292,0.815508559919436,0.24788969372041292,0.31393769434746943,0.7687861271676301,0.5502705627705627,0.815508559919436,0.5502705627705627,0.5745691135762058,0.7687861271676301,0.23644444444444446,0.3616587355540448,0.7643504531722054,0.4737827715355805,0.08967851099830795,0.584971098265896,0.6775818639798489,0.9103214890016921,0.7768953068592058,0.8666666666666667,0.021996615905245348,0.0429042904290429,0.7643504531722054,0.9035714285714286,0.8281505728314239,0.8666666666666667,0.19696969696969696,0.32098765432098764,253,78,281,538,256,53,266,80,859,13,2,578,253,78,27,13,2,53
Reviewer mode 2 (5.48K out/prop),0.7,1125,534,591,331,15,779,0.3075555555555556,0.6924444444444444,0.23644444444444446,0.24788969372041292,0.815508559919436,0.24788969372041292,0.31393769434746943,0.7687861271676301,0.5502705627705627,0.815508559919436,0.5502705627705627,0.5745691135762058,0.7687861271676301,0.23644444444444446,0.3616587355540448,0.7643504531722054,0.4737827715355805,0.08967851099830795,0.584971098265896,0.6775818639798489,0.9103214890016921,0.7768953068592058,0.8666666666666667,0.021996615905245348,0.0429042904290429,0.7643504531722054,0.9035714285714286,0.8281505728314239,0.8666666666666667,0.19696969696969696,0.32098765432098764,253,78,281,538,256,53,266,80,859,13,2,578,253,78,27,13,2,53
Reviewer mode 2 (5.48K out/prop),0.8,1125,534,591,311,15,799,0.2897777777777778,0.7102222222222222,0.22755555555555557,0.23852639784026314,0.8240085744908896,0.23852639784026314,0.30902610971156286,0.7852760736196319,0.5657079501728298,0.8240085744908896,0.5657079501728298,0.5995210727969349,0.7852760736196319,0.22755555555555557,0.35286009648518263,0.7813504823151125,0.4550561797752809,0.07445008460236886,0.5751479289940828,0.671990171990172,0.9255499153976311,0.7786476868327401,0.8666666666666667,0.021996615905245348,0.0429042904290429,0.7813504823151125,0.9033457249070632,0.8379310344827586,0.8666666666666667,0.22807017543859648,0.3611111111111111,243,68,291,547,267,44,256,70,869,13,2,578,243,68,26,13,2,44
Reviewer mode 2 (5.48K out/prop),0.85,1125,534,591,308,15,802,0.2871111111111111,0.7128888888888889,0.2248888888888889,0.2357174090762182,0.822943722943723,0.2357174090762182,0.30648777466820315,0.7832817337461301,0.5651629072681704,0.822943722943723,0.5651629072681704,0.5986740224545103,0.7832817337461301,0.2248888888888889,0.3494475138121547,0.7792207792207793,0.449438202247191,0.07445008460236886,0.5700712589073634,0.6695226438188494,0.9255499153976311,0.7769886363636362,0.8666666666666667,0.021996615905245348,0.0429042904290429,0.7792207792207793,0.9022556390977443,0.8362369337979094,0.8666666666666667,0.22807017543859648,0.3611111111111111,240,68,294,547,270,44,253,70,872,13,2,578,240,68,26,13,2,44
Reviewer mode 2 (5.48K out/prop),0.9,1125,534,591,297,15,813,0.2773333333333333,0.7226666666666667,0.21955555555555556,0.23009943154812829,0.8272727272727273,0.23009943154812829,0.30304059286795104,0.7916666666666666,0.574378961171414,0.8272727272727273,0.574378961171414,0.6120397799407533,0.7916666666666666,0.21955555555555556,0.34377174669450244,0.7878787878787878,0.43820224719101125,0.0676818950930626,0.5631768953068592,0.6654589371980676,0.9323181049069373,0.7766032417195208,0.8666666666666667,0.021996615905245348,0.0429042904290429,0.7878787878787878,0.9034749034749034,0.841726618705036,0.8666666666666667,0.24528301886792453,0.3823529411764706,234,63,300,551,277,40,247,65,878,13,2,578,234,63,25,13,2,40
Reviewer mode 2 (5.48K out/prop),0.95,1125,534,591,272,15,838,0.2551111111111111,0.7448888888888889,0.20622222222222222,0.2160544877279036,0.8359068627450981,0.2160544877279036,0.29316430402345445,0.8083623693379791,0.595661194299116,0.8359068627450981,0.595661194299116,0.6400153388936823,0.8083623693379791,0.20622222222222222,0.32861189801699714,0.8051470588235294,0.4101123595505618,0.05583756345177665,0.543424317617866,0.6541617819460727,0.9441624365482234,0.7728531855955679,0.8666666666666667,0.021996615905245348,0.0429042904290429,0.8051470588235294,0.9087136929460581,0.8538011695906434,0.8666666666666667,0.2826086956521739,0.4262295081967213,219,53,315,558,295,33,232,55,893,13,2,578,219,53,22,13,2,33
Reviewer mode 2 (5.48K out/prop),1.0,1125,534,591,242,15,868,0.22844444444444445,0.7715555555555556,0.19111111111111112,0.20013688473164887,0.8506887052341598,0.20013688473164887,0.2817614235650369,0.8365758754863813,0.6299694189602446,0.8506887052341598,0.6299694189602446,0.6798711755233494,0.8365758754863813,0.19111111111111112,0.3111432706222866,0.8347107438016529,0.3782771535580524,0.043993231810490696,0.520618556701031,0.6398640996602492,0.9560067681895094,0.7666214382632294,0.8666666666666667,0.021996615905245348,0.0429042904290429,0.8347107438016529,0.926605504587156,0.8782608695652173,0.8666666666666667,0.3333333333333333,0.48148148148148145,202,40,332,565,318,26,215,42,910,13,2,578,202,40,16,13,2,26
