method,interpretation,best_threshold,abstention_penalized_macro_f1,response_rate_non_inconclusive,selective_balanced_accuracy,selective_accuracy,fail_precision,fail_recall,fail_f1,pass_f1,avg_total_tokens_per_case,relative_agent_token_cost_vs_vibetest_static,cases,properties
VibeTest static,standard abstention,0.75,0.6739974500811889,0.8488888888888889,0.7362710868211206,0.7371727748691099,0.7408312958435208,0.5674157303370787,0.6426299045599152,0.7053649956024627,3282640.946666667,1.0,75,1125
VibeTest dynamic,standard abstention,0.75,0.7097832390894592,0.9751111111111112,0.7210078547111611,0.7265268915223336,0.7258064516129032,0.5898876404494382,0.6508264462809917,0.7687400318979267,13114247.8,3.9950296158088094,75,1125
TrainCheck,standard abstention,0.0,,0.0,,,,0.0,,,0.0,0.0,75,1125
Reviewer mode 0,reviewer abstaining,0.0,0.2683900322220243,0.264,0.5171692396479585,0.7272727272727273,0.7253521126760564,0.3857677902621723,0.5036674816625917,0.033112582781456956,379850.17333333334,0.11571480996697167,75,1125
Reviewer mode 1,reviewer abstaining,0.0,0.29460430636901225,0.3208888888888889,0.46116356990557417,0.7229916897506925,0.7226890756302521,0.48314606741573035,0.5791245791245792,0.010084033613445377,2436385.3866666667,0.7422028257889965,75,1125
Reviewer mode 2,reviewer abstaining,0.0,0.31393769434746943,0.3075555555555556,0.5502705627705627,0.7687861271676301,0.7643504531722054,0.4737827715355805,0.584971098265896,0.0429042904290429,5279762.413333333,1.6083886416802997,75,1125
Reviewer mode 0,no finding = PASS,0.0,0.6310236849653741,1.0,0.6522747580752486,0.6657777777777778,0.7253521126760564,0.3857677902621723,0.5036674816625917,0.7583798882681564,379850.17333333334,0.11571480996697167,75,1125
Reviewer mode 1,no finding = PASS,0.0,0.6773474256917966,1.0,0.6874275176334151,0.6977777777777778,0.7226890756302521,0.48314606741573035,0.5791245791245792,0.775570272259014,2436385.3866666667,0.7422028257889965,75,1125
Reviewer mode 2,no finding = PASS,0.0,0.680933202562551,1.0,0.6920521302686363,0.7031111111111111,0.7643504531722054,0.4737827715355805,0.584971098265896,0.7768953068592058,5279762.413333333,1.6083886416802997,75,1125
