series,threshold,total,gt_fail,gt_pass,accepted_fail,predicted_pass,inconclusive,coverage,inconclusive_rate,accuracy_abstain_wrong,balanced_accuracy,macro_precision,macro_recall,macro_f1,covered_accuracy,covered_balanced_accuracy,covered_macro_precision,covered_macro_recall,covered_macro_f1,combined_precision,combined_recall,combined_f1,fail_precision,fail_recall,fail_f1,not_fail_precision,not_fail_recall,not_fail_f1,pass_precision,pass_recall,pass_f1,covered_fail_precision,covered_fail_recall,covered_fail_f1,covered_pass_precision,covered_pass_recall,covered_pass_f1,fail_tp,fail_fp,fail_fn,not_fail_tp,not_fail_fp,not_fail_fn,combined_tp,combined_fp,combined_fn,pass_tp,pass_fp,pass_fn,covered_fail_tp,covered_fail_fp,covered_fail_fn,covered_pass_tp,covered_pass_fp,covered_pass_fn
VibeTest static,0.0,1125,534,591,422,546,157,0.8604444444444445,0.13955555555555554,0.6284444444444445,0.6257723530865605,0.7297753589222784,0.6257723530865605,0.6727661798095996,0.7303719008264463,0.7296106557377049,0.7297753589222784,0.7296106557377049,0.7270604330801529,0.7303719008264463,0.6284444444444445,0.6755852842809364,0.7251184834123223,0.5730337078651685,0.6401673640167365,0.716927453769559,0.8527918781725888,0.7789799072642967,0.7344322344322345,0.6785109983079526,0.7053649956024627,0.7251184834123223,0.6375,0.6784922394678492,0.7344322344322345,0.8217213114754098,0.7756286266924565,306,116,228,504,199,87,707,261,418,401,145,190,306,116,174,401,145,87
VibeTest static,0.55,1125,534,591,422,546,157,0.8604444444444445,0.13955555555555554,0.6284444444444445,0.6257723530865605,0.7297753589222784,0.6257723530865605,0.6727661798095996,0.7303719008264463,0.7296106557377049,0.7297753589222784,0.7296106557377049,0.7270604330801529,0.7303719008264463,0.6284444444444445,0.6755852842809364,0.7251184834123223,0.5730337078651685,0.6401673640167365,0.716927453769559,0.8527918781725888,0.7789799072642967,0.7344322344322345,0.6785109983079526,0.7053649956024627,0.7251184834123223,0.6375,0.6784922394678492,0.7344322344322345,0.8217213114754098,0.7756286266924565,306,116,228,504,199,87,707,261,418,401,145,190,306,116,174,401,145,87
VibeTest static,0.6,1125,534,591,420,546,159,0.8586666666666667,0.14133333333333334,0.6275555555555555,0.6248360234985455,0.7303113553113554,0.6248360234985455,0.6723889967530132,0.7308488612836439,0.7298983126414706,0.7303113553113554,0.7298983126414706,0.7274579659074754,0.7308488612836439,0.6275555555555555,0.6752749880439981,0.7261904761904762,0.5711610486891385,0.6394129979035639,0.7148936170212766,0.8527918781725888,0.7777777777777778,0.7344322344322345,0.6785109983079526,0.7053649956024627,0.7261904761904762,0.6380753138075314,0.6792873051224944,0.7344322344322345,0.8217213114754098,0.7756286266924565,305,115,229,504,201,87,706,260,419,401,145,190,305,115,173,401,145,87
VibeTest static,0.65,1125,534,591,419,546,160,0.8577777777777778,0.14222222222222222,0.6275555555555555,0.6248360234985455,0.7311779310585993,0.6248360234985455,0.6727244705189648,0.7316062176165803,0.730567154689487,0.7311779310585993,0.730567154689487,0.728216099060514,0.7316062176165803,0.6275555555555555,0.6755980861244019,0.7279236276849642,0.5711610486891385,0.640083945435467,0.7138810198300283,0.8527918781725888,0.777178103315343,0.7344322344322345,0.6785109983079526,0.7053649956024627,0.7279236276849642,0.639412997903564,0.6808035714285715,0.7344322344322345,0.8217213114754098,0.7756286266924565,305,114,229,504,202,87,706,259,419,401,145,190,305,114,172,401,145,87
VibeTest static,0.7,1125,534,591,417,546,162,0.856,0.144,0.6266666666666667,0.6238996939105306,0.7317245105014889,0.6238996939105306,0.6723460098937655,0.7320872274143302,0.7308606557377049,0.7317245105014889,0.7308606557377049,0.7286214882341207,0.7320872274143302,0.6266666666666667,0.6752873563218391,0.7290167865707434,0.5692883895131086,0.6393270241850683,0.711864406779661,0.8527918781725888,0.7759815242494226,0.7344322344322345,0.6785109983079526,0.7053649956024627,0.7290167865707434,0.64,0.6816143497757848,0.7344322344322345,0.8217213114754098,0.7756286266924565,304,113,230,504,204,87,705,258,420,401,145,190,304,113,171,401,145,87
VibeTest static,0.75,1125,534,591,409,546,170,0.8488888888888889,0.1511111111111111,0.6257777777777778,0.6229633643225156,0.7376317651378776,0.6229633643225156,0.6739974500811889,0.7371727748691099,0.7362710868211206,0.7376317651378776,0.7362710868211206,0.7336152359776595,0.7371727748691099,0.6257777777777778,0.676923076923077,0.7408312958435208,0.5674157303370787,0.6426299045599152,0.7122905027932961,0.8629441624365483,0.7804131599081867,0.7344322344322345,0.6785109983079526,0.7053649956024627,0.7408312958435208,0.6405919661733616,0.6870748299319729,0.7344322344322345,0.8319502074688797,0.7801556420233463,303,106,231,510,206,81,704,251,421,401,145,190,303,106,170,401,145,81
VibeTest static,0.8,1125,534,591,397,546,182,0.8382222222222222,0.16177777777777777,0.6213333333333333,0.6182817163824408,0.7425309786770744,0.6182817163824408,0.6727684269097168,0.7412513255567338,0.7404813315339631,0.7425309786770744,0.7404813315339631,0.7372608742420725,0.7412513255567338,0.6213333333333333,0.6760154738878144,0.7506297229219143,0.5580524344569289,0.640171858216971,0.7101648351648352,0.8747884940778342,0.7839272175890827,0.7344322344322345,0.6785109983079526,0.7053649956024627,0.7506297229219143,0.6367521367521367,0.6890173410404624,0.7344322344322345,0.8442105263157895,0.7855044074436828,298,99,236,517,211,74,699,244,426,401,145,190,298,99,170,401,145,74
VibeTest static,0.82,1125,534,591,387,546,192,0.8293333333333334,0.17066666666666666,0.6142222222222222,0.6107910796783209,0.7418931198000966,0.6107910796783209,0.6675576335232727,0.7406216505894962,0.7391074547292951,0.7418931198000966,0.7391074547292951,0.7359079496647523,0.7406216505894962,0.6142222222222222,0.6715257531584062,0.7493540051679587,0.5430711610486891,0.6297502714440826,0.7032520325203252,0.8781725888324873,0.781038374717833,0.7344322344322345,0.6785109983079526,0.7053649956024627,0.7493540051679587,0.6304347826086957,0.6847697756788667,0.7344322344322345,0.8477801268498943,0.787046123650638,290,97,244,519,219,72,691,242,434,401,145,190,290,97,170,401,145,72
VibeTest static,0.85,1125,534,591,386,546,193,0.8284444444444444,0.17155555555555554,0.6142222222222222,0.6107910796783209,0.7428637856098996,0.6107910796783209,0.6678998891055792,0.7414163090128756,0.7397942028584984,0.7428637856098996,0.7397942028584984,0.7367183280975084,0.7414163090128756,0.6142222222222222,0.6718522119591638,0.7512953367875648,0.5430711610486891,0.6304347826086957,0.7023004059539919,0.8781725888324873,0.7804511278195487,0.7344322344322345,0.6785109983079526,0.7053649956024627,0.7512953367875648,0.6318082788671024,0.6863905325443788,0.7344322344322345,0.8477801268498943,0.787046123650638,290,96,244,519,220,72,691,241,434,401,145,190,290,96,169,401,145,72
VibeTest static,0.9,1125,534,591,332,546,247,0.7804444444444445,0.21955555555555556,0.5884444444444444,0.5836375216258864,0.7602884063727438,0.5836375216258864,0.6540681790945339,0.7539863325740319,0.7494129748150611,0.7602884063727438,0.7494129748150611,0.7462380952380954,0.7539863325740319,0.5884444444444444,0.6610084872690963,0.786144578313253,0.4887640449438202,0.602771362586605,0.6784363177805801,0.9103214890016921,0.7774566473988439,0.7344322344322345,0.6785109983079526,0.7053649956024627,0.786144578313253,0.6155660377358491,0.6904761904761906,0.7344322344322345,0.8832599118942731,0.802,261,71,273,538,255,53,662,216,463,401,145,190,261,71,163,401,145,53
VibeTest static,0.95,1125,534,591,260,546,319,0.7164444444444444,0.28355555555555556,0.5466666666666666,0.5396300309891823,0.7787545787545788,0.5396300309891823,0.6222039083805764,0.7630272952853598,0.7496159754224271,0.7787545787545788,0.7496159754224271,0.7477912684060966,0.7630272952853598,0.5466666666666666,0.6369756602796478,0.823076923076923,0.40074906367041196,0.5390428211586901,0.6450867052023121,0.9441624365482234,0.7664835164835165,0.7344322344322345,0.6785109983079526,0.7053649956024627,0.823076923076923,0.5752688172043011,0.6772151898734177,0.7344322344322345,0.923963133640553,0.8183673469387756,214,46,320,558,307,33,615,191,510,401,145,190,214,46,158,401,145,33
VibeTest static,1.0,1125,534,591,104,546,475,0.5777777777777777,0.4222222222222222,0.4408888888888889,0.4282068100153995,0.8239468864468864,0.4282068100153995,0.5015853191178458,0.7630769230769231,0.6881022436577993,0.8239468864468864,0.6881022436577993,0.6945517114163977,0.7630769230769231,0.4408888888888889,0.5588732394366196,0.9134615384615384,0.17790262172284643,0.29780564263322884,0.5729676787463271,0.9898477157360406,0.7258064516129032,0.7344322344322345,0.6785109983079526,0.7053649956024627,0.9134615384615384,0.39094650205761317,0.547550432276657,0.7344322344322345,0.9852579852579852,0.8415529905561385,95,9,439,585,436,6,496,154,629,401,145,190,95,9,148,401,145,6
VibeTest dynamic,0.0,1125,534,591,444,663,18,0.984,0.016,0.7111111111111111,0.7055362269244663,0.7216073539602952,0.7055362269244663,0.7095233901820922,0.7226738934056007,0.7172250212654583,0.7216073539602952,0.7172250212654583,0.7152689458495898,0.7226738934056007,0.7111111111111111,0.7168458781362008,0.7162162162162162,0.5955056179775281,0.6503067484662577,0.723935389133627,0.8341793570219966,0.7751572327044024,0.726998491704374,0.8155668358714044,0.7687400318979267,0.7162162162162162,0.603415559772296,0.6549948506694129,0.726998491704374,0.8310344827586207,0.7755430410297668,318,126,216,493,188,98,800,307,325,482,181,109,318,126,209,482,181,98
VibeTest dynamic,0.4,1125,534,591,444,663,18,0.984,0.016,0.7111111111111111,0.7055362269244663,0.7216073539602952,0.7055362269244663,0.7095233901820922,0.7226738934056007,0.7172250212654583,0.7216073539602952,0.7172250212654583,0.7152689458495898,0.7226738934056007,0.7111111111111111,0.7168458781362008,0.7162162162162162,0.5955056179775281,0.6503067484662577,0.723935389133627,0.8341793570219966,0.7751572327044024,0.726998491704374,0.8155668358714044,0.7687400318979267,0.7162162162162162,0.603415559772296,0.6549948506694129,0.726998491704374,0.8310344827586207,0.7755430410297668,318,126,216,493,188,98,800,307,325,482,181,109,318,126,209,482,181,98
VibeTest dynamic,0.65,1125,534,591,443,663,19,0.9831111111111112,0.016888888888888887,0.7102222222222222,0.7045998973364513,0.7212870562359341,0.7045998973364513,0.7088326566859132,0.7224231464737794,0.7168480398583978,0.7212870562359341,0.7168480398583978,0.7149129033838204,0.7224231464737794,0.7102222222222222,0.7162707306140743,0.7155756207674944,0.5936329588014981,0.6489252814738997,0.7228739002932552,0.8341793570219966,0.774548311076198,0.726998491704374,0.8155668358714044,0.7687400318979267,0.7155756207674944,0.6026615969581749,0.654282765737874,0.726998491704374,0.8310344827586207,0.7755430410297668,317,126,217,493,189,98,799,307,326,482,181,109,317,126,209,482,181,98
VibeTest dynamic,0.7,1125,534,591,442,663,20,0.9822222222222222,0.017777777777777778,0.7102222222222222,0.7045998973364513,0.7220965309200603,0.7045998973364513,0.7091650979161764,0.7230769230769231,0.7174220032840722,0.7220965309200603,0.7174220032840722,0.7155895143101263,0.7230769230769231,0.7102222222222222,0.7165919282511211,0.7171945701357466,0.5936329588014981,0.6495901639344261,0.7218155197657394,0.8341793570219966,0.7739403453689169,0.726998491704374,0.8155668358714044,0.7687400318979267,0.7171945701357466,0.6038095238095238,0.6556359875904859,0.726998491704374,0.8310344827586207,0.7755430410297668,317,125,217,493,190,98,799,306,326,482,181,109,317,125,208,482,181,98
VibeTest dynamic,0.75,1125,534,591,434,663,28,0.9751111111111112,0.024888888888888887,0.7084444444444444,0.7027272381604213,0.7264024716586386,0.7027272381604213,0.7097832390894592,0.7265268915223336,0.7210078547111611,0.7264024716586386,0.7210078547111611,0.7188059898176141,0.7265268915223336,0.7084444444444444,0.7173717371737174,0.7258064516129032,0.5898876404494382,0.6508264462809917,0.7221418234442837,0.8443316412859561,0.7784711388455537,0.726998491704374,0.8155668358714044,0.7687400318979267,0.7258064516129032,0.6022944550669216,0.658307210031348,0.726998491704374,0.8397212543554007,0.7793047696038803,315,119,219,499,192,92,797,300,328,482,181,109,315,119,208,482,181,92
VibeTest dynamic,0.8,1125,534,591,431,663,31,0.9724444444444444,0.027555555555555555,0.7075555555555556,0.7017909085724063,0.7277683873835095,0.7017909085724063,0.7097586169852328,0.7276051188299817,0.7220949548535756,0.7277683873835095,0.7220949548535756,0.7197692350174816,0.7276051188299817,0.7075555555555556,0.7174402884182064,0.728538283062645,0.5880149812734082,0.6507772020725388,0.7219020172910663,0.8477157360406091,0.7797665369649806,0.726998491704374,0.8155668358714044,0.7687400318979267,0.728538283062645,0.6015325670498084,0.6589716684155299,0.726998491704374,0.8426573426573427,0.7805668016194333,314,117,220,501,193,90,796,298,329,482,181,109,314,117,208,482,181,90
VibeTest dynamic,0.85,1125,534,591,418,663,44,0.9608888888888889,0.03911111111111111,0.7013333333333334,0.6952366014563014,0.7307241262349622,0.6952366014563014,0.706849007545602,0.7298797409805735,0.7235160475523708,0.7307241262349622,0.7235160475523708,0.7213045378910895,0.7298797409805735,0.7013333333333334,0.71532184950136,0.7344497607655502,0.5749063670411985,0.6449579831932772,0.7142857142857143,0.8544839255499154,0.7781201848998459,0.726998491704374,0.8155668358714044,0.7687400318979267,0.7344497607655502,0.5984405458089669,0.6595059076262083,0.726998491704374,0.8485915492957746,0.7831031681559707,307,111,227,505,202,86,789,292,336,482,181,109,307,111,206,482,181,86
VibeTest dynamic,0.9,1125,534,591,375,663,87,0.9226666666666666,0.07733333333333334,0.6782222222222222,0.6708920321679119,0.7381659125188537,0.6708920321679119,0.6935009290402725,0.7350674373795761,0.724947013343682,0.7381659125188537,0.724947013343682,0.7232940518798525,0.7350674373795761,0.6782222222222222,0.7055016181229773,0.7493333333333333,0.5262172284644194,0.6182618261826183,0.6893333333333334,0.8747884940778342,0.7710663683818045,0.726998491704374,0.8155668358714044,0.7687400318979267,0.7493333333333333,0.58298755186722,0.6557759626604435,0.726998491704374,0.8669064748201439,0.7908121410992617,281,94,253,517,233,74,763,275,362,482,181,109,281,94,201,482,181,74
VibeTest dynamic,0.95,1125,534,591,297,663,165,0.8533333333333334,0.14666666666666667,0.6408888888888888,0.6315661894712827,0.7658561482090893,0.6315661894712827,0.6719753107744748,0.7510416666666667,0.73376026272578,0.7658561482090893,0.73376026272578,0.7322266379643428,0.7510416666666667,0.6408888888888888,0.6916067146282974,0.8047138047138047,0.44756554307116103,0.5752105896510228,0.6618357487922706,0.9272419627749577,0.7723749119097957,0.726998491704374,0.8155668358714044,0.7687400318979267,0.8047138047138047,0.5494252873563218,0.6530054644808743,0.726998491704374,0.9180952380952381,0.8114478114478114,239,58,295,548,280,43,721,239,404,482,181,109,239,58,196,482,181,43
VibeTest dynamic,1.0,1125,534,591,174,663,288,0.744,0.256,0.5653333333333334,0.5519781744900093,0.8060279814843709,0.5519781744900093,0.6018841402427486,0.7598566308243727,0.7107765827513014,0.8060279814843709,0.7107765827513014,0.7155833154044751,0.7598566308243727,0.5653333333333334,0.6483180428134557,0.8850574712643678,0.2883895131086142,0.4350282485875706,0.6035751840168244,0.9712351945854484,0.7444876783398184,0.726998491704374,0.8155668358714044,0.7687400318979267,0.8850574712643678,0.4556213017751479,0.6015625,0.726998491704374,0.9659318637274549,0.8296041308089501,154,20,380,574,377,17,636,201,489,482,181,109,154,20,184,482,181,17
Baseline reviewer,0.0,1125,534,591,257,65,803,0.2862222222222222,0.7137777777777777,0.22933333333333333,0.23633529154546665,0.8352589045196049,0.23633529154546665,0.3412591347784527,0.8012422360248447,0.76780763220245,0.8352589045196049,0.76780763220245,0.7951176983435048,0.8012422360248447,0.22933333333333333,0.35659986178299935,0.7782101167315175,0.37453183520599254,0.5056890012642226,0.652073732718894,0.9576988155668359,0.7758738862234407,0.8923076923076924,0.09813874788494077,0.1768292682926829,0.7782101167315175,0.8368200836820083,0.8064516129032258,0.8923076923076924,0.6987951807228916,0.7837837837837838,200,57,334,566,302,25,258,64,867,58,7,533,200,57,39,58,7,25
Baseline reviewer,0.4,1125,534,591,257,65,803,0.2862222222222222,0.7137777777777777,0.22933333333333333,0.23633529154546665,0.8352589045196049,0.23633529154546665,0.3412591347784527,0.8012422360248447,0.76780763220245,0.8352589045196049,0.76780763220245,0.7951176983435048,0.8012422360248447,0.22933333333333333,0.35659986178299935,0.7782101167315175,0.37453183520599254,0.5056890012642226,0.652073732718894,0.9576988155668359,0.7758738862234407,0.8923076923076924,0.09813874788494077,0.1768292682926829,0.7782101167315175,0.8368200836820083,0.8064516129032258,0.8923076923076924,0.6987951807228916,0.7837837837837838,200,57,334,566,302,25,258,64,867,58,7,533,200,57,39,58,7,25
Baseline reviewer,0.7,1125,534,591,256,65,804,0.2853333333333333,0.7146666666666667,0.22933333333333333,0.23633529154546665,0.8367788461538461,0.23633529154546665,0.34157919110836676,0.8037383177570093,0.7695656575883365,0.8367788461538461,0.7695656575883365,0.7967501914870336,0.8037383177570093,0.22933333333333333,0.35684647302904565,0.78125,0.37453183520599254,0.5063291139240507,0.6513233601841196,0.9576988155668359,0.7753424657534247,0.8923076923076924,0.09813874788494077,0.1768292682926829,0.78125,0.8403361344537815,0.8097165991902834,0.8923076923076924,0.6987951807228916,0.7837837837837838,200,56,334,566,303,25,258,63,867,58,7,533,200,56,38,58,7,25
Baseline reviewer,1.0,1125,534,591,211,65,849,0.24533333333333332,0.7546666666666667,0.20266666666666666,0.2082454039050172,0.8489974480495808,0.2082454039050172,0.3166025536094287,0.8260869565217391,0.7985606888132109,0.8489974480495808,0.7985606888132109,0.8194444444444444,0.8260869565217391,0.20266666666666666,0.32548179871520344,0.8056872037914692,0.31835205992509363,0.4563758389261745,0.6236323851203501,0.9644670050761421,0.7574750830564785,0.8923076923076924,0.09813874788494077,0.1768292682926829,0.8056872037914692,0.8629441624365483,0.8333333333333333,0.8923076923076924,0.7341772151898734,0.8055555555555556,170,41,364,570,344,21,228,48,897,58,7,533,170,41,27,58,7,21
TrainCheck,0.0,1125,534,591,0,0,1125,0.0,1.0,0.0,0.0,,0.0,,,,,,,,0.0,,,0.0,,0.5253333333333333,1.0,0.6888111888111889,,0.0,,,,,,,,0,0,534,591,534,0,0,0,1125,0,0,591,0,0,0,0,0,0
TrainCheck,1.0,1125,534,591,0,0,1125,0.0,1.0,0.0,0.0,,0.0,,,,,,,,0.0,,,0.0,,0.5253333333333333,1.0,0.6888111888111889,,0.0,,,,,,,,0,0,534,591,534,0,0,0,1125,0,0,591,0,0,0,0,0,0
