test_prompt	reason	case_score	evidence_strength
If there is any model training, then all model parameters are updated during training (no frozen layers unless explicitly intended).	A linear layer is created inside forward after the optimizer is constructed, so its parameters are not in the optimizer and will not be updated.	0.91	0.88
No leakage from test to train/val sets. If there is any model selection or hyperparameter tuning, then it uses val only.	Model selection picks the best checkpoint based on a metric computed on the training set instead of a held-out validation split.	0.89	0.86
No path/filename text is fed as a feature unless explicitly intended.	Feature construction drops only the label column and keeps all other columns, so any id/name/path-like columns present in training would be fed as features while test-time preprocessing drops them inconsistently.	0.78	0.71
Training dataloader shuffles or training dataset is shuffled for training; val/test do not shuffle.	A validation codepath uses shuffle=True, violating the requirement that validation/test data not be shuffled.	0.93	0.91
Any data augmentation is only performed on the training dataset; val/test dataset use deterministic preprocessing.	The code merges augmented samples into the full dataset before splitting, so augmented samples can land in val/test.	0.87	0.84
Code does not use explicit loops or Python control flow when matrix operations could have been used to implement the exact same operation more efficiently. If this property is not satisfied, show the matrix operations which should replace the raw Python logic.	Series.apply(clean_text) is a Python-level per-row loop directly replaceable by vectorized Series.str operations and str.replace(..., regex=True).	0.76	0.79
Model and inputs are consistently moved to one device; no implicit CPU<->GPU transfers; dtype policy (e.g., fp32/bf16) is applied consistently.	Mixing accelerator.prepare(...)/.to(device) with hard-coded .cuda() in inference is inconsistent device handling and can cause device mismatches or transfers depending on runtime.	0.81	0.74
Reported metrics use the correct split(s) and the exact definitions claimed (e.g., micro vs macro, top-k).	Averaging per-batch accuracies is not the standard definition of overall accuracy, which should be total correct divided by total samples.	0.88	0.87
Accuracy should be deterministic (same value) when running the model evaluation multiple times without retraining.	The notebook evaluates on a generator that applies random augmentations at inference time, so repeated evaluations can yield different accuracies.	0.85	0.83
Data is loaded and preprocessed correctly (e.g., no all-black images, no text with weird or unexpected characters, tables look correct and feature values are reasonable).	The dataset code has a concrete execution-breaking bug: it uses os.path.join without importing os, so data cannot be reliably loaded/preprocessed correctly.	0.94	0.92
