audited_outcome	test_prompt	reason
VALID_FAIL	If there is any model training, then all model parameters are updated during training (no frozen layers unless explicitly intended).	fc1 is created inside forward after the optimizer is constructed, so its parameters are not in the optimizer and will not be updated.
VALID_FAIL	No leakage from test to train/val sets. If there is any model selection or hyperparameter tuning, then it uses val only.	They pick best_model.pth based on a metric computed on the training set, so model selection is using train instead of a held-out validation split.
VALID_FAIL	No path/filename text is fed as a feature unless explicitly intended.	X = tweet.drop(columns=["target"]) keeps all other columns, so any id/Name/path-like columns present in train would be fed as features; test-time drops id/Name, making the inconsistency a real bug risk.
VALID_FAIL	Training dataloader shuffles or training dataset is shuffled for training; val/test do not shuffle.	A validation codepath uses shuffle=True, violating the requirement that validation/test data not be shuffled.
VALID_FAIL	Any data augmentation is only performed on the training dataset; val/test dataset use deterministic preprocessing.	The code merges augmented images into the full dataset before splitting, so augmented samples can land in val/test.
NOT_VALID_FAIL_INCONCLUSIVE	Randomizing the labels results in accuracy dropping to be near a random guessing baseline (may not be 0.5 if the data is imbalanced) on a validation set.	This criterion requires an actual label-randomization experiment and validation accuracy. If the repo does not run or report that experiment, the evidence is missing, so the result should be Inconclusive rather than FAIL.
NOT_VALID_FAIL_INCONCLUSIVE	The model can overfit a single (or tiny) batch to near-zero loss.	There is no training loop with optimizer/loss/backward/step, so the repository cannot demonstrate tiny-batch overfitting. Missing evidence should be Inconclusive rather than FAIL.
NOT_VALID_FAIL_PASS	If there is any model training, then all model parameters are updated during training (no frozen layers unless explicitly intended).	Freezing a pretrained backbone and training only the final layer can be an intended transfer-learning setup; without evidence that the freeze is unintended, this should not be a FAIL.
NOT_VALID_FAIL_PASS	Code does not use explicit loops or Python control flow when matrix operations could have been used to implement the exact same operation more efficiently. If this property is not satisfied, show the matrix operations which should replace the raw Python logic.	Batch loops over a DataLoader for validation/test prediction are normal and often required for memory, so treating them as a vectorization failure is an overly strict interpretation of the criterion.
NOT_VALID_FAIL_PASS	Model and inputs are consistently moved to one device; no implicit CPU<->GPU transfers; dtype policy (e.g., fp32/bf16) is applied consistently.	If the notebook is CPU-only and everything runs on default CPU with consistent float/long tensors, there is no device inconsistency or implicit CPU/GPU transfer to flag.
